{"text":"\u5df2\u77e5\u76f4\u7ebf$l$: $y=k x+1$\u4e0e\u692d\u5706$\\frac{x^{2}}{2}+y^{2}=1$\u4ea4\u4e8e$M$\u3001$N$\u4e24\u70b9\uff0c\u4e14$|M N|=\\frac{4 \\sqrt{2}}{3}$\uff0c\u5219$k$=?","fact_expressions":"l: Line;G: Ellipse;M: Point;N: Point;Expression(G) = (x^2\/2 + y^2 = 1);Expression(l)=(y=k*x+1);Intersection(l,G)={M,N};Abs(LineSegmentOf(M, N)) = 4*sqrt(2)\/3;k:Number","query_expressions":"k","answer_expressions":"pm*1","fact_spans":"[[[2, 18]], [[19, 46]], [[48, 51]], [[52, 55]], [[19, 46]], [[2, 18]], [[2, 57]], [[59, 87]], [[89, 92]]]","query_spans":"[[[89, 94]]]","process":"\u8bbeM(x_{1},y_{1}),N(x_{2},y_{2})\u7531\\begin{cases}y=kx+1,\\\\\\frac{x^{2}}{2}+y^{2}=1,\\end{cases}\u6d88\u53bby\u5e76\u5316\u7b80\u5f97(1+2k^{2})x^{2}+4kx=0,\u6240\u4ee5x_{1}+x_{2}=-\\frac{4k}{1+2k^{2}},x_{1}x_{2}=0,\u7531MN=\\frac{4\\sqrt{2}}{3},\u5f97(x_{1}-x_{2})^{2}+(y_{1}-y_{2})^{2}=\\frac{32}{9}\u6240\u4ee5(1+k^{2})(x_{1}-x_{2})^{2}=\\frac{32}{9},\u6240\u4ee5(1+k^{2})[(x_{1}+x_{2})^{2}-4x_{1}x_{2}]=\\frac{32}{9}\u5373(1+k^{2})(\\frac{-4k}{1+2k^{2}})^{2}=\\frac{32}{9},\u5316\u7b80\u5f97k^{4}+k^{2}-2=0,\u6240\u4ee5k^{2}=1,\u6240\u4ee5k=\\pm1"}
{"text":"\u76f4\u7ebf$y=x+b$\u4e0e\u66f2\u7ebf$y=\\sqrt{x^{2}-1}$\u6709\u4e14\u4ec5\u6709\u4e00\u4e2a\u516c\u5171\u70b9\uff0c\u5219$b$\u7684\u53d6\u503c\u8303\u56f4\u662f?","fact_expressions":"G: Line;b: Number;H: Curve;Expression(G) = (y = b + x);Expression(H) = (y = sqrt(x^2 - 1));NumIntersection(G, H) = 1","query_expressions":"Range(b)","answer_expressions":"[-1, 0) + [1, +oo) ","fact_spans":"[[[0, 9]], [[41, 44]], [[10, 30]], [[0, 9]], [[10, 30]], [[0, 39]]]","query_spans":"[[[41, 51]]]","process":"\u4f9d\u9898\u610f\u53ef\u77e5\u66f2\u7ebfy=\\sqrt{x^{2}-1}\u7684\u65b9\u7a0b\u53ef\u6574\u7406\u6210x^{2}-y^{2}=1(y\\geqslant0),\u6ce8\u610f\u5230\u53cc\u66f2\u7ebfx^{2}-y^{2}=1\u7684\u4e00\u6761\u6e10\u8fd1\u7ebf\u65b9\u7a0b\u4e3ay=x\u6545\u8981\u4f7f\u76f4\u7ebfy=x+b\u4e0e\u66f2\u7ebfy=\\sqrt{x^{2}-1}\u4ec5\u6709\u4e00\u4e2a\u516c\u5171\u70b9,\u6709\u4e24\u79cd\u60c5\u51b5,\u5982\u56fe\u6240\u793a(1)\u76f4\u7ebf\u4e0e\u5de6\u90e8\u5206\u76f8\u4ea4,\u6b64\u65f6\u6709b\\geqslant1;(2)\u76f4\u7ebf\u4e0e\u53f3\u90e8\u5206\u76f8\u4ea4,\u6b64\u65f6b\u7684\u8303\u56f4\u4e3a-1\\leqslantb<0.\u7efc\u5408\u5f97b\u7684\u8303\u56f4:b\\geqslant1\u6216-1\\leqslantb<0,\u8868\u793a\u4e3a\u533a\u95f4\u5f62\u5f0f\u5373:[-1,0)\\cup[1,+\\infty)"}
{"text":"\u5df2\u77e5\u53cc\u66f2\u7ebf$\\frac{x^{2}}{4}-\\frac{y^{2}}{b^{2}}=1(b>0)$\u7684\u79bb\u5fc3\u7387\u4e3a$2$\uff0c\u5219\u5b83\u7684\u4e00\u7126\u70b9\u5230\u5176\u4e2d\u4e00\u6761\u6e10\u8fd1\u7ebf\u7684\u8ddd\u79bb\u4e3a?","fact_expressions":"G: Hyperbola;b: Number;b>0;Expression(G) = (x^2\/4 - y^2\/b^2 = 1);Eccentricity(G) = 2","query_expressions":"Distance(OneOf(Focus(G)),OneOf(Asymptote(G)))","answer_expressions":"2*sqrt(3)","fact_spans":"[[[2, 49], [59, 60]], [[5, 49]], [[5, 49]], [[2, 49]], [[2, 57]]]","query_spans":"[[[59, 77]]]","process":""}
{"text":"\u8bbe$F_{1}$\u3001$F_{2}$\u5206\u522b\u662f\u53cc\u66f2\u7ebf$x^{2}-\\frac{y^{2}}{9}=1$\u7684\u5de6\u3001\u53f3\u7126\u70b9\uff0c\u82e5\u70b9$P$\u5728\u53cc\u66f2\u7ebf\u4e0a\uff0c\u4e14$\\overrightarrow{PF_{1}} \\cdot  \\overrightarrow{PF_{2}}=0$,\u5219$|P F_{1}+P F_{2}|$=?","fact_expressions":"G: Hyperbola;P: Point;F1: Point;F2: Point;Expression(G) = (x^2 - y^2\/9 = 1);LeftFocus(G) = F1;RightFocus(G) = F2;PointOnCurve(P, G);DotProduct(VectorOf(P,F1),VectorOf(P,F2))=0","query_expressions":"Abs(LineSegmentOf(P,F1)+LineSegmentOf(P,F2))","answer_expressions":"2*sqrt(10)","fact_spans":"[[[19, 47], [60, 63]], [[55, 59]], [[1, 8]], [[9, 16]], [[19, 47]], [[1, 53]], [[1, 53]], [[55, 64]], [[66, 124]]]","query_spans":"[[[126, 147]]]","process":""}
{"text":"\u5df2\u77e5$F_{1}$\u3001$F_{2}$\u5206\u522b\u4e3a\u53cc\u66f2\u7ebf$\\frac{x^{2}}{a^{2}}-\\frac{y^{2}}{b^{2}}=1(a>0, b>0)$\u7684\u5de6\u3001\u53f3\u7126\u70b9\uff0c$P$\u4e3a\u53cc\u66f2\u7ebf\u53f3\u652f\u4e0a\u4efb\u610f\u4e00\u70b9\uff0c\u82e5$\\frac{|PF_{1}|^{2}}{|PF_{2}|}$\u7684\u6700\u5c0f\u503c\u4e3a$8 a$\uff0c\u5219\u8be5\u53cc\u66f2\u7ebf\u7684\u79bb\u5fc3\u7387$e$\u7684\u53d6\u503c\u8303\u56f4\u662f?","fact_expressions":"G: Hyperbola;b: Number;a: Number;P: Point;F1: Point;F2: Point;e: Number;a>0;b>0;Expression(G) = (-y^2\/b^2 + x^2\/a^2 = 1);LeftFocus(G) = F1;RightFocus(G) = F2;PointOnCurve(P, RightPart(G));Min(Abs(LineSegmentOf(P, F1))^2\/Abs(LineSegmentOf(P, F2))) = 8*a;Eccentricity(G) = e","query_expressions":"Range(e)","answer_expressions":"(1,3]","fact_spans":"[[[20, 76], [87, 90], [127, 130]], [[23, 76]], [[23, 76]], [[83, 86]], [[2, 9]], [[10, 17]], [[150, 153]], [[23, 76]], [[23, 76]], [[20, 76]], [[2, 82]], [[2, 82]], [[83, 97]], [[99, 140]], [[143, 153]]]","query_spans":"[[[150, 160]]]","process":""}
{"text":"\u5df2\u77e5$P$\u662f\u692d\u5706$\\frac{x^{2}}{a^{2}}+\\frac{y^{2}}{b^{2}}=1  (a>b>0)$\u4e0a\u4efb\u610f\u4e00\u70b9\uff0c$P$\u4e0e\u4e24\u7126\u70b9\u8fde\u7ebf\u4e92\u76f8\u5782\u76f4\uff0c\u4e14$P$\u5230\u4e24\u51c6\u7ebf\u8ddd\u79bb\u5206\u522b\u4e3a$6$ , $12$\uff0c\u5219\u692d\u5706\u65b9\u7a0b\u4e3a?","fact_expressions":"G: Ellipse;Expression(G) = (y^2\/b^2 + x^2\/a^2 = 1);b: Number;a: Number;a > b;b > 0;P: Point;PointOnCurve(P, G) = True;F1: Point;F2: Point;Focus(G) = {F1, F2};IsPerpendicular(LineSegmentOf(P, F1), LineSegmentOf(P, F2)) = True;L1: Line;L2: Line;Directrix(G) = {L1, L2};Distance(P, L1) = 6;Distance(P, L2) = 12","query_expressions":"Expression(G)","answer_expressions":"x^2\/45+y^2\/20=1","fact_spans":"[[[6, 60], [105, 107]], [[6, 60]], [[8, 60]], [[8, 60]], [[8, 60]], [[8, 60]], [[2, 5], [66, 69], [81, 84]], [[2, 65]], [], [], [[6, 73]], [[6, 79]], [], [], [[6, 88]], [[6, 103]], [[6, 103]]]","query_spans":"[[[105, 111]]]","process":""}
{"text":"\u8bbe$F$\u662f\u692d\u5706$C$: $\\frac{x^{2}}{a}+\\frac{y^{2}}{b}=1(a>0, b>0)$\u7684\u53f3\u7126\u70b9\uff0c$C$\u7684\u4e00\u4e2a\u52a8\u70b9\u5230$F$\u7684\u6700\u5927\u8ddd\u79bb\u4e3a$d$\uff0c\u82e5$C$\u7684\u53f3\u51c6\u7ebf\u4e0a\u5b58\u5728\u70b9$P$\uff0c\u4f7f\u5f97$P F=d$\uff0c\u5219\u692d\u5706$C$\u7684\u79bb\u5fc3\u7387\u7684\u53d6\u503c\u8303\u56f4\u662f?","fact_expressions":"C: Ellipse;b: Number;a: Number;P: Point;F: Point;A: Point;a>0;b>0;Expression(C) = (y^2\/b + x^2\/a = 1);RightFocus(C) = F;PointOnCurve(A, C);Max(Distance(A, F))= d;PointOnCurve(P, RightDirectrix(C));LineSegmentOf(P, F) = d;d:Number","query_expressions":"Range(Eccentricity(C))","answer_expressions":"[1\/2,1)","fact_spans":"[[[5, 57], [62, 65], [85, 88], [111, 116]], [[12, 57]], [[12, 57]], [[95, 99]], [[1, 4], [71, 74]], [], [[12, 57]], [[12, 57]], [[5, 57]], [[1, 61]], [[62, 70]], [[62, 83]], [[85, 99]], [[102, 109]], [[80, 83]]]","query_spans":"[[[111, 127]]]","process":"\u8bd5\u9898\u5206\u6790:\u7531\u692d\u5706C\u7684\u4e00\u4e2a\u52a8\u70b9\u5230F\u7684\u6700\u5927\u8ddd\u79bb\u4e3ad,\u53ef\u77e5a+c=d,\u7531PF=d\u53ef\u5f97d\\geqslant\\frac{a^{2}}{c}-c,\u6240\u4ee5\u6709a+c\\geqslant\\frac{a^{2}}{c}-c\u5373ac+c^{2}\\geqslanta^{2}-c^{2},\u4e24\u8fb9\u540c\u65f6\u9664\u4ee5a^{2},\u6574\u7406\u5f972e^{2}+e-1\\leqslant0,\u89e3\u5f97e\\in[\\frac{1}{2},1)"}
{"text":"\u8fc7\u629b\u7269\u7ebf$y^{2}=4 x$\u7684\u7126\u70b9\u4f5c\u4e00\u6761\u503e\u659c\u89d2\u4e3a$\\alpha$\uff0c\u957f\u5ea6\u4e0d\u8d85\u8fc7$8$\u7684\u5f26\uff0c\u5f26\u6240\u5728\u7684\u76f4\u7ebf\u4e0e\u5706$x^{2}+y^{2}=\\frac{3}{4}$\u6709\u516c\u5171\u70b9\uff0c\u5219$\\alpha$\u7684\u53d6\u503c\u8303\u56f4\u662f?","fact_expressions":"G: Parabola;H: Circle;I: LineSegment;alpha: Number;Expression(G) = (y^2 = 4*x);Expression(H) = (x^2 + y^2 = 3\/4);PointOnCurve(Focus(G), I);Inclination(I) = alpha;Negation(Length(I) > 8);IsChordOf(I, G);IsIntersect(OverlappingLine(I), H)","query_expressions":"Range(alpha)","answer_expressions":"[pi\/4, pi\/3] + [2*pi\/3, 3*pi\/4]","fact_spans":"[[[1, 15]], [[52, 78]], [], [[25, 33], [84, 92]], [[1, 15]], [[52, 78]], [[0, 44]], [[0, 44]], [[0, 44]], [[0, 44]], [[0, 82]]]","query_spans":"[[[84, 99]]]","process":""}
{"text":"\u5df2\u77e5\u53cc\u66f2\u7ebf$C$: $\\frac{x^{2}}{a^{2}}-\\frac{y^{2}}{b^{2}}=1(a>0, b>0)$\u7684\u53f3\u9876\u70b9\u4e3a$A$, \u4ee5$A$\u4e3a\u5706\u5fc3\uff0c\u534a\u7126\u8ddd$c$\u4e3a\u534a\u5f84\u4f5c\u5706$A$\uff0c\u5706$A$\u4e0e\u53cc\u66f2\u7ebf$C$\u7684\u4e00\u6761\u6e10\u8fd1\u7ebf\u4ea4\u4e8e$M$\uff0c$N$\u4e24\u70b9, \u82e5$|M N|=\\sqrt{3} c$\uff0c\u5219$C$\u7684\u79bb\u5fc3\u7387\u4e3a?","fact_expressions":"C: Hyperbola;Expression(C) = (-y^2\/b^2 + x^2\/a^2 = 1);b: Number;a: Number;a>0;b>0;A: Point;RightVertex(C) = A;A1: Circle;Center(A1) = A;c: Number;HalfFocalLength(C) = c;Radius(A1) = c;M: Point;N: Point;Intersection(A1, OneOf(Asymptote(C))) = {M, N};Abs(LineSegmentOf(M, N)) = sqrt(3)*c","query_expressions":"Eccentricity(C)","answer_expressions":"sqrt(2)","fact_spans":"[[[2, 63], [101, 107], [147, 150]], [[2, 63]], [[10, 63]], [[10, 63]], [[10, 63]], [[10, 63]], [[68, 71], [74, 77]], [[2, 71]], [[91, 95], [96, 100]], [[73, 95]], [[84, 87]], [[2, 87]], [[84, 95]], [[115, 118]], [[119, 122]], [[96, 124]], [[127, 145]]]","query_spans":"[[[147, 156]]]","process":"\u8bbe\u53cc\u66f2\u7ebfC\u7684\u6e10\u8fd1\u7ebf\u65b9\u7a0b\u4e3abx-ay=0,\u70b9A(a,0)\u5230\u6e10\u8fd1\u7ebf\u7684\u8ddd\u79bb\u4e3ad\u5219d=\\frac{ab}{\\sqrt{a^{2}+b^{2}}}=\\frac{ab}{c}\\therefore|MN|=2\\sqrt{c^{2}-d^{2}}=2\\sqrt{c^{2}-(\\frac{ab}{c})^{2}}=2\\sqrt{\\frac{c}{\\because|MN|=\\sqrt{3}c\\therefore4(\\frac{c4-a2c2+a4}{c2})=3c^{2}\u5316\u7b80\u4e3ac^{4}-4a^{2}c^{2}+4a^{4}=0\u5373e^{4}-4e^{2}+4=0\u89e3\u5f97e=\\sqrt{2}\u6545C\u7684\u79bb\u5fc3\u7387\u4e3a\\sqrt{2}1\u5728\u53cc\u66f2\u7ebf\u65b9\u7a0b\u672a\u77e5\u6c42\u79bb\u5fc3\u7387\u7684\u95ee\u9898:\u5217\u51fa\u542b\u6709a,b,c\u7684\u9f50\u6b21\u65b9\u7a0b,\u501f\u52a9\u4e8eb^{2}=c^{2}-a^{2}\u6d88\u53bbb,\u7136\u540e\u8f6c\u5316\u6210\u4e3a\u5173\u4e8ee\u7684\u65b9\u7a0b\u6765\u6c42\u89e3."}
{"text":"\u5df2\u77e5$F$\u4e3a\u629b\u7269\u7ebf$C$: $y^{2}=4 x$\u7684\u7126\u70b9\uff0c\u8fc7$F$\u4f5c\u4e24\u6761\u4e92\u76f8\u5782\u76f4\u7684\u76f4\u7ebf$l_{1}$, $l_{2}$\uff0c\u76f4\u7ebf$l_{1}$\u4e0e$C$\u4ea4\u4e8e$A$\u3001$B$\u4e24\u70b9\uff0c\u76f4\u7ebf$l_{2}$\u4e0e$C$\u4ea4\u4e8e$D$\u3001$E$\u4e24\u70b9\uff0c\u5219$|A B|+4|D E|$\u7684\u6700\u5c0f\u503c\u4e3a?","fact_expressions":"C: Parabola;Expression(C) = (y^2 = 4*x);F: Point;Focus(C) = F;l1: Line;l2: Line;PointOnCurve(F, l1);PointOnCurve(F, l2);IsPerpendicular(l1, l2);A: Point;B: Point;Intersection(l1, C) = {A, B};D: Point;E: Point;Intersection(l2, C) = {D, E}","query_expressions":"Min(Abs(LineSegmentOf(A, B)) + 4*Abs(LineSegmentOf(D, E)))","answer_expressions":"36","fact_spans":"[[[6, 25], [70, 73], [95, 98]], [[6, 25]], [[2, 5], [30, 33]], [[2, 28]], [[41, 50], [60, 69]], [[52, 59], [85, 94]], [[29, 59]], [[29, 59]], [[34, 59]], [[75, 78]], [[79, 82]], [[60, 84]], [[100, 103]], [[104, 107]], [[85, 109]]]","query_spans":"[[[111, 131]]]","process":"\u8bbe\u76f4\u7ebfl_{1}\u7684\u65b9\u7a0b\u4e3ay=k(x-1),\u8054\u7acb\u65b9\u7a0b\u7ec4,\u5206\u522b\u6c42\u5f97|AB|=4+\\frac{4}{k^{2}}\u548c|DE|=4+4k^{2},\u7ed3\u5408\u57fa\u672c\u4e0d\u7b49\u5f0f,\u5373\u53ef\u6c42\u5f97|AB|+4|DE|\u7684\u6700\u5c0f\u503c,\u5f97\u5230\u7b54\u6848.\u7531\u9898,\u629b\u7269\u7ebfC:y^{2}=4x\u7684\u7126\u70b9F(1,0),\u51c6\u7ebf\u65b9\u7a0b\u4e3ax=-1,\u8bbe\u76f4\u7ebfl_{1}\u7684\u65b9\u7a0b\u4e3ay=k(x-1),k\\neq0,\u8054\u7acb\u65b9\u7a0b\u7ec4\\begin{cases}y^{2}=4x\\\\y=k(x-1)\\end{cases},\u5219k^{2}x^{2}-(4+2k^{2})x+k^{2}=0,\u8bbeA(x_{1},y_{1}),B(x_{2},y_{2}),\u53ef\u5f97x_{1}+x_{2}=2+\\frac{4}{k^{2}}\u7531\u629b\u7269\u7ebf\u7684\u5b9a\u4e49\u53ef\u5f97AB=x_{1}+x_{2}+2=4+\\frac{4}{k^{2}}\u7531l_{1}\\botl_{2},\u53ef\u5c06\u4e0a\u5f0f\u4e2d\u7684k\u6362\u4e3a-\\frac{1}{k},\u53ef\u5f97|DE|=4+4k^{2},\u5219|AB|+4|DE|=20+4(4k^{2}+\\frac{k}{k^{2}})\\geqslant20+8\\sqrt{4k^{2}.\\frac{1}{k^{2}}}=36,\u5f53\u4e14\u4ec5\u5f53_{k}=\\pm\\frac{\\sqrt{2}}{2},\u4e0a\u5f0f\u53d6\u5f97\u7b49\u53f7,\u5219|AB|+4|DE|\u7684\u6700\u5c0f\u503c\u4e3a36."}
{"text":"\u692d\u5706$\\frac{x^{2}}{25}+\\frac{y^{2}}{9}=1$\u7684\u7126\u70b9$F_{1}$\u3001$F_{2}$\u3001$P$\u4e3a\u692d\u5706\u4e0a\u7684\u4e00\u70b9\uff0c\u5df2\u77e5$P F_{1} \\perp P F_{2}$\uff0c\u5219$\\Delta F_{1} P F_{2}$\u7684\u9762\u79ef\u4e3a?","fact_expressions":"G: Ellipse;Expression(G) = (x^2\/25 + y^2\/9 = 1);F1: Point;F2: Point;Focus(G) = {F1,F2};P: Point;PointOnCurve(P,G) = True;IsPerpendicular(LineSegmentOf(P,F1) , LineSegmentOf(P,F2)) = True","query_expressions":"Area(TriangleOf(F1, P, F2))","answer_expressions":"9","fact_spans":"[[[0, 38], [61, 63]], [[0, 38]], [[41, 48]], [[49, 56]], [[0, 56]], [[57, 60]], [[57, 67]], [[70, 93]]]","query_spans":"[[[95, 122]]]","process":""}
{"text":"\u8fc7\u70b9$M(0,1)$\u7684\u76f4\u7ebf$l$\u4ea4\u692d\u5706$\\frac{x^{2}}{8}+\\frac{y^{2}}{4}=1$\u4e8e$A$\u3001$B$\u4e24\u70b9\uff0c$F$\u4e3a\u692d\u5706\u7684\u53f3\u7126\u70b9\uff0c\u5f53$\\triangle A B F$\u7684\u5468\u957f\u6700\u5927\u65f6\uff0c$\\triangle A B F$\u7684\u9762\u79ef\u4e3a?","fact_expressions":"l: Line;G: Ellipse;M: Point;A: Point;B: Point;F: Point;Expression(G) = (x^2\/8 + y^2\/4 = 1);Coordinate(M) = (0, 1);PointOnCurve(M, l);Intersection(l, G) = {A, B};RightFocus(G) = F;WhenMax(Perimeter(TriangleOf(A,B,F)))","query_expressions":"Area(TriangleOf(A, B, F))","answer_expressions":"4*sqrt(10)\/3","fact_spans":"[[[11, 16]], [[17, 54], [69, 71]], [[1, 10]], [[55, 58]], [[59, 62]], [[65, 68]], [[17, 54]], [[1, 10]], [[0, 16]], [[11, 64]], [[65, 75]], [[76, 100]]]","query_spans":"[[[101, 123]]]","process":"\u5206\u6790:\u6839\u636e\u692d\u5706\u7684\u5b9a\u4e49\u548c\u6027\u8d28\u53ef\u5f97\u53f3\u7126\u70b9F(2,0),\u8bbe\u5de6\u7126\u70b9\u4e3aF_{1}(-2,0),\u5f53\u4e14\u4ec5\u5f53A,B,F,\u5171\u7ebf\u65f6\u5468\u957f\u6700\u957f,\u518d\u6839\u636e\u4e24\u70b9\u5f0f\u6c42\u51fa\u76f4\u7ebf\u7684\u65b9\u7a0b,\u8fdb\u800c\u6c42\u89e3\u9762\u79ef\u8be6\u7531\u9898\u610f,\u692d\u5706\u7684\u5de6\u53f3\u7126\u70b9\u5750\u6807\u5206\u522b\u4e3aF_{1}(-2,0),F(2,0).\u53c8\u7531\u692d\u5706\u7684\u5b9a\u4e49\u53ef\u5f97|AF|=2\\sqrt{2}-|AF_{1}|,|BF|=2\\sqrt{2}-|BF_{1}|,\u6240\u4ee5AABF\u7684\u5468\u957f\u4e3a|AF|+|BF|+|AB|=4\\sqrt{2}+|AB|-(|AF_{1}|+|BF_{1}|),\u663e\u7136|AF_{1}|+|BF_{1}|\\geqslant|AB|,\u5f53\u4e14\u4ec5\u5f53A,B,F_{1}\u5171\u7ebf\u65f6\u5468\u957f\u6700\u957f,\u6700\u5927\u503c\u4e3a8\\sqrt{2}\u6b64\u65f6\u76f4\u7ebf\u7684\u65b9\u7a0b\u4e3ax-2y-2=0,\u8054\u7acb\u65b9\u7a0b\u7ec4\\begin{cases}x-2y-2=0\\\\\\frac{x^{2}}{8}+\\frac{y^{2}}{4}=1\\end{cases}\u53ef\u5f973y^{2}+4y-2=0\u5219y_{1}+y_{2}=\\frac{4}{3},\u6240\u4ee5\u6b64\u65f6aABF\u7684\u9762\u79ef\u4e3a\\frac{1}{2}\\times4\\times\\frac{\\sqrt[2]{10}}{3}=\\frac{\\sqrt{4}}{3},\\frac{4}{3}."}
{"text":"\u82e5\u76f4\u7ebf$l$: $y=(a-1) x-1$\u4e0e\u66f2\u7ebf$y^{2}=a x$\u6070\u597d\u6709\u4e00\u4e2a\u516c\u5171\u70b9\uff0c\u8bd5\u6c42\u5b9e\u6570$a$\u7684\u53d6\u503c\u96c6\u5408?","fact_expressions":"l: Line;G: Curve;a: Real;Expression(G) = (y^2 = a*x);Expression(l) = (y = x*(a - 1) - 1);NumIntersection(l, G) = 1","query_expressions":"Range(a)","answer_expressions":"{0, 1, 4\/5}","fact_spans":"[[[1, 21]], [[22, 35]], [[46, 51]], [[22, 35]], [[1, 21]], [[1, 43]]]","query_spans":"[[[46, 57]]]","process":"\u5f53a=0\u65f6\u76f4\u7ebfl:y=-x-1\u4e0e\u66f2\u7ebfy^{2}=0\u6070\u6709\u4e00\u4e2a\u516c\u5171\u70b9,\u7b26\u5408\u9898\u610f\u5f53a\\neq0\u65f6,\u8054\u7acb\u65b9\u7a0b\u7ec4\\begin{cases}y=(a-1)x-\\\\x=\\frac{y^{2}}{a}\\end{cases}\u6574\u7406\u5f97(a-1)y^{2}-ay-a=0\u82e5a=1\u65f6,\u5219y=-1,\u6b64\u65f6\u4e0ey^{2}=x\u6709\u4e00\u4e2a\u516c\u5171\u70b9,\u7b26\u5408\u9898\u610f;\u82e5a\\neq1\u65f6,\u5219A=a^{2}+4a(a-1)=0,\u89e3\u5f97a=\\frac{4}{5}\u6b64\u65f6\u76f4\u7ebf\u4e0e\u66f2\u7ebf\u76f8\u5207\u53ea\u6709\u4e00\u4e2a\u516c\u5171\u70b9,\u7b26\u5408\u9898\u610f\u7efc\u4e0a\u53ef\u5f97,\u5b9e\u6570a\u7684\u53d6\u503c\u96c6\u5408\u4e3a{0,1,\\frac{4}{5}}"}
{"text":"\u82e5\u692d\u5706\u7684\u65b9\u7a0b$\\frac{x^{2}}{10-a}+\\frac{y^{2}}{a-2}=1$\uff0c\u4e14\u6b64\u692d\u5706\u7684\u79bb\u5fc3\u7387\u4e3a$\\frac{\\sqrt{2}}{2}$\uff0c\u5219\u5b9e\u6570$a$=?","fact_expressions":"G: Ellipse;a: Real;Expression(G) = (x^2\/(10 - a) + y^2\/(a - 2) = 1);Eccentricity(G) = sqrt(2)\/2","query_expressions":"a","answer_expressions":"{14\/3,22\/3}","fact_spans":"[[[1, 3], [49, 51]], [[78, 83]], [[1, 46]], [[49, 76]]]","query_spans":"[[[78, 85]]]","process":"\u8bd5\u9898\u5206\u6790:\u5f53\u7126\u70b9\u5728x\u8f74\u4e0a\u65f6,\u692d\u5706\u7684\u79bb\u5fc3\u7387_{e}=1-\\frac{b^{2}}{a^{2}}=1-\\frac{a-2}{10-a}=(\\frac{\\sqrt{2}}{2})^{2},\u89e3\u5f97a=\\frac{14}{3};\u5f53\u7126\u70b9\u5728y\u8f74\u4e0a\u65f6,\u692d\u5706\u7684\u79bb\u5fc3\u7387e^{2}=1-\\frac{b^{2}}{a^{2}}=1-\\frac{10-a}{a-2}=(\\frac{\\sqrt{2}}{2})^{2}\u89e3\u5f97a=\\frac{22}{3};"}
{"text":"\u5df2\u77e5\u629b\u7269\u7ebf$C$: $y^{2}=2 px(p>0)$\u7684\u51c6\u7ebf$l$\uff0c\u8fc7$M(1 , 0)$\u4e14\u659c\u7387\u4e3a$\\sqrt{3}$\u7684\u76f4\u7ebf\u4e0e$l$\u76f8\u4ea4\u4e8e$A$\uff0c\u4e0e$C$\u7684\u4e00\u4e2a\u4ea4\u70b9\u4e3a$B$\uff0c\u82e5$AM=MB$\uff0c\u5219$p$=?","fact_expressions":"C: Parabola;Expression(C) = (y^2 = 2*(p*x));p: Number;p>0;l: Line;Directrix(C) = l;M: Point;Coordinate(M) = (1, 0);G: Line;PointOnCurve(M, G);Slope(G) = sqrt(3);A: Point;Intersection(G, l) = A;B: Point;OneOf(Intersection(G, C)) = B;LineSegmentOf(A, M) = LineSegmentOf(M, B)","query_expressions":"p","answer_expressions":"2","fact_spans":"[[[2, 27], [74, 77]], [[2, 27]], [[97, 100]], [[10, 27]], [[30, 33], [63, 66]], [[2, 33]], [[35, 45]], [[35, 45]], [[60, 62]], [[34, 62]], [[46, 62]], [[69, 72]], [[60, 72]], [[83, 86]], [[60, 86]], [[88, 95]]]","query_spans":"[[[97, 102]]]","process":""}
{"text":"\u5df2\u77e5\u53cc\u66f2\u7ebf$C$: $\\frac{x^{2}}{a^{2}}-\\frac{y^{2}}{b^{2}}=1(a>0, b>0)$\u7684\u4e00\u6761\u6e10\u8fd1\u7ebf\u65b9\u7a0b\u662f$y=\\sqrt{2} x$\uff0c\u8fc7\u5176\u5de6\u7126\u70b9$F(-\\sqrt{3}, 0)$\u4f5c\u659c\u7387\u4e3a$2$\u7684\u76f4\u7ebf$l$\u4ea4\u53cc\u66f2\u7ebf$C$\u4e8e$A$\u3001$B$\u4e24\u70b9\uff0c\u5219\u622a\u5f97\u7684\u5f26\u957f$A B$=?","fact_expressions":"C: Hyperbola;Expression(C) = (-y^2\/b^2 + x^2\/a^2 = 1);b: Number;a: Number;a>0;b>0;Expression(OneOf(Asymptote(C))) = (y = sqrt(2)*x);F: Point;Coordinate(F) = (-sqrt(3), 0);LeftFocus(C) = F;PointOnCurve(F , l) = True;Slope(l) = 2;l: Line;Intersection(l, C) = {A, B};A: Point;B: Point;IsChordOf(LineSegmentOf(A, B), C) = True","query_expressions":"LineSegmentOf(A, B)","answer_expressions":"10","fact_spans":"[[[2, 63], [88, 89], [123, 129]], [[2, 63]], [[10, 63]], [[10, 63]], [[10, 63]], [[10, 63]], [[2, 86]], [[92, 109]], [[92, 109]], [[88, 109]], [[87, 122]], [[110, 122]], [[117, 122]], [[117, 139]], [[130, 133]], [[134, 137]], [[123, 151]]]","query_spans":"[[[146, 153]]]","process":"\u7531\u6761\u4ef6\u53ef\u77e5:\\frac{b}{a}=\\sqrt{2}\u4e14c=\\sqrt{3},\u4ece\u800c\u6c42\u51faa,b,c\u7684\u503c,\u4ece\u800c\u6c42\u51fa\u53cc\u66f2\u7ebf\u65b9\u7a0b,\u5219\u53ef\u8bbe\u76f4\u7ebfl\u7684\u65b9\u7a0b,\u8054\u7acb\u76f4\u7ebf\u4e0e\u53cc\u66f2\u7ebf,\u5229\u7528\u5f26\u957f\u516c\u5f0f\u5373\u53ef\u6c42\u51fa\u5f26\u957f\u7684\u503c.\\because\u53cc\u66f2\u7ebfC:\\frac{x^{2}}{a^{2}}-\\frac{y^{2}}{b^{2}}=1(a>0,b>0)\u7684\u4e00\u6761\u6e10\u8fd1\u7ebf\u65b9\u7a0b\u662fy=\\sqrt{2}x\\therefore\\frac{b}{a}=\\sqrt{2},\u5373b=\\sqrt{2}a,\\because\u5de6\u7126\u70b9F(-\\sqrt{3},0),\\thereforec=\\sqrt{3}\\thereforec^{2}=a^{2}+b^{2}=3a^{2}=3^{n}\\thereforea^{2}=1,b^{2}=2,\\therefore\u53cc\u66f2\u7ebf\u65b9\u7a0b\u4e3ax^{2}-\\frac{y^{2}}{2}=1,\u76f4\u7ebfl\u7684\u65b9\u7a0b\u4e3ay=2(x+\\sqrt{3})\u8bbeA(x_{1},y_{1}),B(x_{2})_{2})\u7531\\begin{cases}y=2(x+\\sqrt{3})\\\\x-\\frac{y^{2}}{x_{2}}=1\\end{cases}"}
{"text":"\u5df2\u77e5\u76f4\u7ebf$y=x-3 m$\u4e0e\u692d\u5706$C$: $\\frac{x^{2}}{a^{2}}+\\frac{y^{2}}{b^{2}}=1(a>b>0)$\u76f8\u4ea4\u4e8e$P$\u3001$Q$\u4e24\u70b9\uff0c\u82e5$P Q$\u4e2d\u70b9\u7684\u6a2a\u5750\u6807\u6070\u597d\u4e3a$2 m$\uff0c\u5219\u692d\u5706$C$\u7684\u79bb\u5fc3\u7387\u4e3a?","fact_expressions":"C: Ellipse;b: Number;a: Number;G: Line;m: Number;P: Point;Q: Point;a > b;b > 0;Expression(C) = (y^2\/b^2 + x^2\/a^2 = 1);Expression(G) = (y = -3*m + x);Intersection(G, C) = {P, Q};XCoordinate(MidPoint(LineSegmentOf(P, Q))) = 2*m","query_expressions":"Eccentricity(C)","answer_expressions":"sqrt(2)\/2","fact_spans":"[[[14, 71], [106, 111]], [[21, 71]], [[21, 71]], [[2, 13]], [[4, 13]], [[74, 77]], [[78, 81]], [[21, 71]], [[21, 71]], [[14, 71]], [[2, 13]], [[2, 83]], [[85, 104]]]","query_spans":"[[[106, 117]]]","process":"\u8bbeP(x_{1},y_{1}),Q(x_{2},y_{2}),\u4ee3\u5165\u692d\u5706\u65b9\u7a0b\u5f97\\frac{x_{1}^{2}}{a^{2}}+\\frac{y_{1}^{2}}{b^{2}}=1,\\frac{x_{2}^{2}}{a^{2}}+\\frac{y_{2}^{2}}{b^{2}}=1\u4e24\u5f0f\u4f5c\u5dee\u5f97\\frac{x_{1}^{2}-x_{2}^{2}}{a^{2}}+\\frac{y_{1}^{2}-y_{2}^{2}}{b^{2}}=0,\u6574\u7406\u5f97\\frac{y_{1}-y_{2}}{x_{1}}-x_{2}\\cdot\\frac{y_{1}+y_{2}}{\\frac{x_{1}+x_{2}}{2}}=-\\frac{b^{2}}{a^{2}}\u56e0\u4e3a\\frac{x_{1}+x_{2}}{2}=2m,\u6240\u4ee5\\frac{y_{1}+y_{2}}{2}=\\frac{x_{1}-3m+x_{2}-3m}{2}=-m\u53c8\u56e0\u4e3ak_{PQ}=\\frac{y_{1}}{x_{1}}\u6240\u4ee51\\times\\frac{-m}{2m}=-\\frac{b^{2}}{a^{2}},\u6240\u4ee5\\frac{1}{2}=\\frac{b^{2}}{a^{2}},\u6240\u4ee5e=\\frac{c}{a}=\\sqrt{\\frac{c^{2}}{a^{2}}}=\\sqrt{\\frac{a2-b^{2}}{a^{2}}}=\\sqrt{1-\\frac{b^{2}}{a^{2}}}=\\sqrt{1-\\frac{1}{2}}=\\frac{\\sqrt{2}}{2}\\frac{1}{2}=\\frac{c^{2}}{a^{2}}-\\frac{b^{2}}{a^{2}},"}
{"text":"\u629b\u7269\u7ebf$y^{2}=4 x$\uff0c\u76f4\u7ebf$l$\u7ecf\u8fc7\u629b\u7269\u7ebf\u7684\u7126\u70b9$F$\uff0c\u4e0e\u629b\u7269\u7ebf\u4ea4\u4e8e$A$, $B$\u4e24\u70b9\uff0c\u82e5$\\overrightarrow{B A}=4 \\overrightarrow{B F}$\uff0c\u5219$\\triangle O A B$($O$\u4e3a\u5750\u6807\u539f\u70b9) \u7684\u9762\u79ef\u4e3a?","fact_expressions":"l: Line;G: Parabola;O: Origin;A: Point;B: Point;F: Point;Expression(G) = (y^2 = 4*x);Focus(G) = F;PointOnCurve(F, l);Intersection(l,G)={A,B};VectorOf(B, A) = 4*VectorOf(B, F)","query_expressions":"Area(TriangleOf(O,A,B))","answer_expressions":"4*sqrt(3)\/3","fact_spans":"[[[15, 20]], [[0, 14], [33, 36], [22, 25]], [[115, 118]], [[38, 41]], [[43, 46]], [[28, 31]], [[0, 14]], [[22, 31]], [[15, 31]], [[15, 48]], [[50, 95]]]","query_spans":"[[[97, 130]]]","process":"\u7531\u9898\u610f\u9996\u5148\u786e\u5b9a\u76f4\u7ebfAB\u7684\u65b9\u7a0b,\u7136\u540e\u8054\u7acb\u76f4\u7ebf\u65b9\u7a0b\u4e0e\u629b\u7269\u7ebf\u65b9\u7a0b,\u7ed3\u5408\u97e6\u8fbe\u5b9a\u7406\u5373\u53ef\u786e\u5b9a\\triangleC\u7684\u9762\u79ef.[\u8be6\u89e3]\u7531\u9898\u610f\u53ef\u77e5:AF=3BF,\u7ed3\u5408\u7126\u534a\u5f84\u516c\u5f0f\u6709:\\frac{p}{1-\\cos\\alpha}=\\frac{3p}{1+\\cos\\alpha}\u89e3\u5f97:\\cos\\alpha=\\frac{1}{2},\\alpha=\\frac{\\pi}{3},\u6545\u76f4\u7ebfAB\u7684\u65b9\u7a0b\u4e3a:y=\\sqrt{3}(x-1)\u4e0e\u629b\u7269\u7ebf\u65b9\u7a0b\u8054\u7acb\u53ef\u5f97:3y^{2}-4\\sqrt{3}y-12=0.\u5219|y_{1}-y_{2}|=\\sqrt{(\\frac{4\\sqrt{3}}{3})^{2}-4\\times(-4)}=\\frac{8}{\\sqrt{3}}\u6545\\triangleOAB\u7684\u9762\u79efS=\\frac{1}{2}\\times|OF|\\times|y_{1}-y_{2}|=\\frac{1}{2}\\times1\\times\\frac{8}{\\sqrt{3}}=\\frac{4}{3}\\sqrt{3}"}
{"text":"\u5df2\u77e5\u629b\u7269\u7ebf$C$:$y^{2}=m x$\u7684\u7126\u70b9\u662f\u5706$E$:$ x^{2}+y^{2}+4 x-1=0$\u7684\u5706\u5fc3\uff0c\u5219\u629b\u7269\u7ebf$C$\u7684\u51c6\u7ebf\u65b9\u7a0b\u662f?","fact_expressions":"C: Parabola;m: Number;E: Circle;Expression(C) = (y^2 = m*x);Expression(E) = (4*x + x^2 + y^2 - 1 = 0);Focus(C) = Center(E)","query_expressions":"Expression(Directrix(C))","answer_expressions":"x=2","fact_spans":"[[[2, 20], [56, 62]], [[9, 20]], [[24, 51]], [[2, 20]], [[24, 51]], [[2, 54]]]","query_spans":"[[[56, 69]]]","process":"\u5c06\u5706\u7684\u4e00\u822c\u5f0f\u65b9\u7a0bx^{2}+y^{2}+4x-1=0\u5316\u4e3a\u6807\u51c6\u65b9\u7a0b\u5f97(x+2)+y^{2}=5,\u6240\u4ee5\u5706\u5fc3\u662f(-2,0),\u4e8e\u662f\u629b\u7269\u7ebfC\u7684\u7126\u70b9\u662f(-2,0),\u6545m=-8\u6545\u5176\u51c6\u7ebf\u65b9\u7a0b\u662fx=2."}
{"text":"\u5df2\u77e5\u53cc\u66f2\u7ebf$C$: $\\frac{x^{2}}{a^{2}}-\\frac{y^{2}}{b^{2}}=1(a, b>0)$\u7684\u5de6\u3001\u53f3\u7126\u70b9\u5206\u522b\u4e3a$F_{1}$\u3001$F_{2}$\u3001$P$\u4e3a\u53cc\u66f2\u7ebf$C$\u5de6\u652f\u4e0a\u7684\u4e00\u4e2a\u70b9\uff0c$|P F_{1}|=|F_{1} F_{2}|$ ,\u4e14$\\angle P F_{1} F_{2}=120^{\\circ}$\uff0c\u5219\u53cc\u66f2\u7ebf$C$\u7684\u79bb\u5fc3\u7387\u4e3a?","fact_expressions":"C: Hyperbola;Expression(C) = (-y^2\/b^2 + x^2\/a^2 = 1);b: Number;a: Number;a>0;b>0;F1: Point;F2: Point;LeftFocus(C) = F1;RightFocus(C) = F2;P: Point;PointOnCurve(P, LeftPart(C)) = True;Abs(LineSegmentOf(P, F1)) = Abs(LineSegmentOf(F1, F2));AngleOf(P, F1, F2) = ApplyUnit(120, degree)","query_expressions":"Eccentricity(C)","answer_expressions":"(sqrt(3)+1)\/2","fact_spans":"[[[2, 61], [90, 96], [168, 174]], [[2, 61]], [[10, 61]], [[10, 61]], [[10, 61]], [[10, 61]], [[70, 77]], [[78, 85]], [[2, 85]], [[2, 85]], [[86, 89]], [[86, 103]], [[104, 129]], [[132, 166]]]","query_spans":"[[[168, 180]]]","process":"|PF_{1}|=|F_{1}F_{2}|,\u4e14\\anglePF_{1}F_{2}=120^{\\circ},\u5219|PF_{2}|=\\sqrt{3}|F_{1}F_{2}|=2\\sqrt{3}c,|PF_{1}|=|F_{1}F_{2}|=2c\u6545|PF_{2}|-|PF_{1}|=2\\sqrt{3}c-2c=2a,\u6545e=\\frac{\\sqrt{3}+1}{2}"}
{"text":"\u5df2\u77e5\u692d\u5706$\\frac{x^{2}}{a^{2}}+\\frac{y^{2}}{b^{2}}=1(a>b>0)$\u7684\u79bb\u5fc3\u7387\u7684\u53d6\u503c\u8303\u56f4\u662f$(0, \\frac{\\sqrt{2}}{2}]$\uff0c\u70b9$A$\u3001$B$\u5206\u522b\u662f\u692d\u5706\u7684\u53f3\u7126\u70b9\u548c\u4e0a\u9876\u70b9\uff0c\u4e14\u5de6\u7126\u70b9\u5230\u76f4\u7ebf$A B$\u7684\u8ddd\u79bb\u4e3a$2$\uff0c\u5219\u692d\u5706\u4e0a\u7684\u70b9$P$\u5230\u4e24\u7126\u70b9\u7684\u8ddd\u79bb\u4e4b\u548c\u7684\u6700\u5c0f\u503c\u662f?","fact_expressions":"G: Ellipse;Expression(G) = (y^2\/b^2 + x^2\/a^2 = 1);b: Number;a: Number;a > b;b > 0;Range(Eccentricity(G))=(0, sqrt(2)\/2];A: Point;RightFocus(G) = A;B: Point;UpperVertex(G) = B;Distance(LeftFocus(G), LineOf(A, B)) = 2;A1: Point;LeftFocus(G) = A1;P: Point;PointOnCurve(P, G)","query_expressions":"Min(Distance(P, A1) + Distance(P, A))","answer_expressions":"4","fact_spans":"[[[2, 54], [101, 103], [133, 135]], [[2, 54]], [[4, 54]], [[4, 54]], [[4, 54]], [[4, 54]], [[2, 89]], [[90, 94]], [[90, 111]], [[95, 98]], [[90, 111]], [[101, 131]], [], [[101, 116]], [[137, 141]], [[133, 141]]]","query_spans":"[[[133, 156]]]","process":"\u5148\u5f97\u5230\u76f4\u7ebfAB\u7684\u65b9\u7a0b,\u7136\u540e\u6839\u636e\u5de6\u7126\u70b9\u5230\u76f4\u7ebf\u7684\u8ddd\u79bb\u53ef\u5f97\\frac{bc}{a}=1,\u4f9d\u636e\u5747\u503c\u4e0d\u7b49\u5f0f\u4ee5\u53caa^{2}=b^{2}+c^{2}\u8ba1\u7b97\u5373\u53ef.\u7f8a\u89e3\u3011\u7531\u692d\u5706\u79bb\u5fc3\u7387\u4e3a(0,\\frac{\\sqrt{2}}{2}],\u5219_{0}<\\frac{c}{a}\\leqslant\\frac{\\sqrt{2}}{2}\\Rightarrow\\frac{c^{2}}{a^{2}}\\leqslant\\frac{1}{2}\u53c8a^{2}=b^{2}+c^{2},\u53732c^{2}\\leqslanta^{2}\\Rightarrow2c^{2}\\leqslantc^{2}+b^{2}>c\\leqslantb\u7531\u9898\u53ef\u77e5\u76f4\u7ebfAB\u7684\u65b9\u7a0b\u4e3a:\\frac{x}{c}+\\frac{y}{b}=\u6240\u4ee5\u5de6\u7126\u70b9\u5230\u76f4\u7ebf\u7684\u8ddd\u79bb\u4e3a:\\underline{\\bot}\\frac{y}{x}\u53c8a^{2}=b^{2}+c^{2}\\geqslant2bc,\u6240\u4ee51=\\frac{bc}{a}\\leqslant\\frac{b^{2}+c^{2}}{2a},\u5219a\\geqslant2\u5f53\u4e14\u4ec5\u5f53b=c\u65f6\u53d6\u7b49\u53f7\u53c8\u692d\u5706\u4e0a\u7684\u70b9P\u5230\u4e24\u7126\u70b9\u7684\u8ddd\u79bb\u4e4b\u548c\u4e3a2a\\geqslant4\u6240\u4ee5\u692d\u5706\u4e0a\u7684\u70b9P\u5230\u4e24\u7126\u70b9\u7684\u8ddd\u79bb\u4e4b\u548c\u7684\u6700\u5c0f\u503c\u662f4\u6548\u7b54\u5ba2\u4e3a:4"}
{"text":"\u5df2\u77e5\u8fc7\u70b9$M(1,-1)$\u7684\u76f4\u7ebf$l$\u4e0e\u692d\u5706$\\frac{x^{2}}{4}+\\frac{y^{2}}{3}=1$\u76f8\u4ea4\u4e8e$A$\u3001$B$\u4e24\u70b9\uff0c\u82e5\u70b9$M$\u662f$A B$\u7684\u4e2d\u70b9\uff0c\u5219\u76f4\u7ebf$l$\u7684\u65b9\u7a0b\u4e3a?","fact_expressions":"l: Line;G: Ellipse;A: Point;B: Point;M: Point;Expression(G) = (x^2\/4 + y^2\/3 = 1);Coordinate(M) = (1, -1);PointOnCurve(M,l);Intersection(l, G) = {A, B};MidPoint(LineSegmentOf(A, B)) = M","query_expressions":"Expression(l)","answer_expressions":"3*x-4*y-7=0","fact_spans":"[[[14, 19], [86, 91]], [[20, 57]], [[60, 63]], [[64, 67]], [[3, 13], [71, 75]], [[20, 57]], [[3, 13]], [[2, 19]], [[14, 69]], [[71, 84]]]","query_spans":"[[[86, 96]]]","process":""}
{"text":"\u53cc\u66f2\u7ebf\u7684\u5bf9\u79f0\u8f74\u548c\u5750\u6807\u8f74\u91cd\u5408\uff0c\u4e2d\u5fc3\u5728\u539f\u70b9\uff0c\u7126\u70b9\u5750\u6807\u4e3a$(-2,0)$\u548c$(2,0)$\uff0c\u4e14\u7ecf\u8fc7\u70b9$P(-2,3)$\uff0c\u5219\u53cc\u66f2\u7ebf\u7684\u6807\u51c6\u65b9\u7a0b\u662f?","fact_expressions":"G: Hyperbola;SymmetryAxis(G) = axis;O: Origin;Center(G) = O;F1: Point;F2: Point;Coordinate(F1) = (-2, 0);Coordinate(F2) = (2, 0);Focus(G) = {F1, F2};P: Point;Coordinate(P) = (-2, 3);PointOnCurve(P, G)","query_expressions":"Expression(G)","answer_expressions":"x^2-y^2\/3=1","fact_spans":"[[[0, 3], [57, 60]], [[0, 13]], [[17, 19]], [[0, 19]], [[25, 33]], [[34, 41]], [[0, 41]], [[0, 41]], [[0, 41]], [[45, 55]], [[45, 55]], [[0, 55]]]","query_spans":"[[[57, 67]]]","process":"\u5206\u6790:\u6839\u636e\u7126\u70b9\u5750\u6807\u53ef\u5f97c\u503c,\u7136\u540e\u6839\u636e\u53cc\u66f2\u7ebf\u7684\u5b9a\u4e49\u8ba1\u7b97\u70b9P\u5230\u4e24\u7126\u70b9\u7684\u8ddd\u79bb\u53ef\u5f97a\u503c,\u518d\u7531ab,c\u7684\u5173\u7cfb\u53ef\u5f97b\u503c\u5373\u53ef.\u8be6\u7531\u9898\u610f,c=2,|2a=\\sqrt{(-2+2)^{2}+(0-3)^{2}}-\\sqrt{(2+2)^{2}+(0-3)^{2}}|=2\\thereforea=1,b=\\sqrt{3},c=2,\u6545\u53cc\u66f2\u7ebf\u7684\u6807\u51c6\u65b9\u7a0b\u662fx^{2}-\\frac{y^{2}}{3}=1"}
{"text":"\u82e5\u53cc\u66f2\u7ebf$\\frac{x^{2}}{4}-\\frac{y^{2}}{m}=1$\u7684\u6e10\u8fd1\u7ebf\u65b9\u7a0b\u4e3a$y=\\pm \\frac{\\sqrt{3}}{2} x$\uff0c\u5219$m$=?","fact_expressions":"G: Hyperbola;m: Number;Expression(G) = (x^2\/4 - y^2\/m = 1);Expression(Asymptote(G)) = (y = pm*(x*(sqrt(3)\/2)))","query_expressions":"m","answer_expressions":"3","fact_spans":"[[[1, 39]], [[76, 79]], [[1, 39]], [[1, 74]]]","query_spans":"[[[76, 81]]]","process":"\u56e0\u4e3a\u6e10\u8fd1\u7ebf\u65b9\u7a0b\u4e3ay=\\pm\\frac{\\sqrt{3}}{2}x'\u6240\u4ee5\\frac{\\sqrt{m}}{2}=\\frac{\\sqrt{3}}{2},\u89e3\u5f97m=3"}
{"text":"\u53cc\u66f2\u7ebf$C$: $\\frac{x^{2}}{a^{2}}-\\frac{y^{2}}{b^{2}}=1(a>0, b>0)$\u7684\u5de6\u3001\u53f3\u7126\u70b9\u5206\u522b\u4e3a$F_{1}$\u3001$F_{2}$\uff0c\u70b9$A$\u4e3a\u53cc\u66f2\u7ebf$C$\u53f3\u652f\u4e0a\u4e00\u70b9\uff0c\u76f4\u7ebf$A F_{1}$\u4e0e$y$\u8f74\u4ea4\u4e8e\u70b9$B$\uff0c\u4e14$|F_{1} B|=3|A B|$ ,$ A F_{1} \\perp A F_{2}$\uff0c\u5219\u53cc\u66f2\u7ebf$C$\u7684\u79bb\u5fc3\u7387\u4e3a?","fact_expressions":"C: Hyperbola;a: Number;b: Number;F1: Point;A: Point;F2: Point;B: Point;a>0;b>0;Expression(C) = (-y^2\/b^2 + x^2\/a^2 = 1);LeftFocus(C) = F1;RightFocus(C) = F2;PointOnCurve(A, RightPart(C));Intersection(LineOf(A,F1), yAxis) = B;Abs(LineSegmentOf(F1, B)) = 3*Abs(LineSegmentOf(A, B));IsPerpendicular(LineSegmentOf(A, F1), LineSegmentOf(A, F2))","query_expressions":"Eccentricity(C)","answer_expressions":"sqrt(3)+sqrt(6)","fact_spans":"[[[0, 61], [91, 97], [173, 179]], [[8, 61]], [[8, 61]], [[70, 77]], [[86, 90]], [[78, 85]], [[121, 125]], [[8, 61]], [[8, 61]], [[0, 61]], [[0, 85]], [[0, 85]], [[86, 102]], [[103, 125]], [[127, 145]], [[147, 171]]]","query_spans":"[[[173, 185]]]","process":""}
{"text":"\u4ee5\u53cc\u66f2\u7ebf$x^{2}-\\frac{y^{2}}{3}=1$\u7684\u53f3\u7126\u70b9\u4e3a\u5706\u5fc3\uff0c\u79bb\u5fc3\u7387\u4e3a\u534a\u5f84\u7684\u5706\u7684\u65b9\u7a0b\u662f?","fact_expressions":"G: Hyperbola;H: Circle;Expression(G) = (x^2 - y^2\/3 = 1);RightFocus(G) = Center(H);Eccentricity(G)=Radius(H)","query_expressions":"Expression(H)","answer_expressions":"(x-2)^2+y^2=4","fact_spans":"[[[1, 29]], [[44, 45]], [[1, 29]], [[0, 45]], [[0, 45]]]","query_spans":"[[[44, 50]]]","process":""}
{"text":"\u4e0e\u692d\u5706$\\frac{x^{2}}{25}+\\frac{y^{2}}{9}=1$\u5171\u7126\u70b9\uff0c\u4e14\u79bb\u5fc3\u7387\u4e3a$\\frac{4}{3}$\u7684\u53cc\u66f2\u7ebf\u7684\u65b9\u7a0b\u4e3a?","fact_expressions":"G: Hyperbola;H: Ellipse;Expression(H) = (x^2\/25 + y^2\/9 = 1);Eccentricity(G) = 4\/3;Focus(G)=Focus(H)","query_expressions":"Expression(G)","answer_expressions":"x^2\/9-y^2\/7=1","fact_spans":"[[[62, 65]], [[1, 39]], [[1, 39]], [[44, 65]], [[0, 65]]]","query_spans":"[[[62, 70]]]","process":""}
{"text":"\u53cc\u66f2\u7ebf$8 kx^{2}-ky^{2}=8$\u7684\u4e00\u4e2a\u7126\u70b9\u4e3a$(0,3)$\uff0c\u5219$k$\u7684\u503c\u4e3a?","fact_expressions":"G: Hyperbola;Expression(G) = (8*(k*x^2) - k*y^2 = 8);k: Number;H: Point;Coordinate(H) = (0, 3);OneOf(Focus(G)) = H","query_expressions":"k","answer_expressions":"-1","fact_spans":"[[[0, 22]], [[0, 22]], [[37, 40]], [[28, 35]], [[28, 35]], [[0, 35]]]","query_spans":"[[[37, 44]]]","process":""}
{"text":"\u5982\u679c\u692d\u5706$\\frac{x^{2}}{16}+\\frac{y^{2}}{4}=1$\u7684\u5f26\u88ab\u70b9$(1,1)$\u5e73\u5206\uff0c\u90a3\u4e48\u8fd9\u6761\u5f26\u6240\u5728\u7684\u76f4\u7ebf\u65b9\u7a0b\u662f?","fact_expressions":"G: Ellipse;H: LineSegment;I: Point;Expression(G) = (x^2\/16 + y^2\/4 = 1);Coordinate(I) = (1, 1);MidPoint(H)=I;IsChordOf(H,G)","query_expressions":"Expression(OverlappingLine(H))","answer_expressions":"x+4*y-5=0","fact_spans":"[[[2, 40]], [], [[43, 51]], [[2, 40]], [[43, 51]], [[2, 53]], [[2, 42]]]","query_spans":"[[[2, 68]]]","process":"\u8bbe\u8fd9\u6761\u5f26\u7684\u4e24\u4e2a\u7aef\u70b9\u5206\u522b\u4e3aA(x_{1},y_{1})\u3001B(x_{2},y_{2}),\u5219\\begin{cases}\\frac{x_{1}+x_{2}}{2}=1\\\\\\frac{y_{1}+y_{2}}{2}=1\\end{cases},\u5f97\\begin{cases}x_{1}+x_{2}=2\\\\y_{1}+y_{2}=2\\end{cases}\\frac{x_{1}^{2}}{16}+\\frac{y_{1}^{2}}{4}=1\u7531\u4e8e\u70b9A\u3001B\u5747\u5728\u692d\u5706\\frac{x2}{16}+\\frac{y^{2}}{4}=1\u4e0a,\u5219\\begin{cases}\\\\\\end{cases}=1\u4e24\u5f0f\u76f8\u51cf\u5f97\\frac{x^{2}-x^{2}}{16}+\\frac{y^{2}-y_{2}^{2}}{4}=0^{,}\u53ef\u5728\u5373\\frac{(y_{1}-y_{2})(}{(x_{1}-x_{2})}\u6240\u4ee5,\u76f4\u7ebfAB\u7684\u659c\u7387\u4e3ak_{AB}=\\frac{y_{1}-y_{2}}{x_{1}-x_{2}}=-\\frac{1}{4}\u56e0\u6b64,\u8fd9\u6761\u5f26\u6240\u5728\u76f4\u7ebf\u7684\u65b9\u7a0b\u4e3ay-1=-\\frac{1}{4}(x-1),\u5373x+4y-5=0"}
{"text":"\u5df2\u77e5\u76f4\u7ebf$l$: $x-y-m=0$\u7ecf\u8fc7\u629b\u7269\u7ebf$C$: $y^{2}=2 p x(p>0)$\u7684\u7126\u70b9\uff0c\u4e0e$C$\u4ea4\u4e8e$A$\u3001$B$\u4e24\u70b9\uff0c\u82e5$|A B|=6$\uff0c\u5219$p$\u7684\u503c\u4e3a?","fact_expressions":"l: Line;Expression(l) = (-m + x - y = 0);m: Number;C: Parabola;Expression(C) = (y^2 = 2*p*x);p: Number;p>0;PointOnCurve(Focus(C), l) = True;Intersection(l, C) = {A, B};A: Point;B: Point;Abs(LineSegmentOf(A, B)) = 6","query_expressions":"p","answer_expressions":"3\/2","fact_spans":"[[[2, 18]], [[2, 18]], [[9, 18]], [[20, 46], [51, 54]], [[20, 46]], [[78, 81]], [[28, 46]], [[2, 49]], [[2, 65]], [[56, 59]], [[60, 63]], [[67, 76]]]","query_spans":"[[[78, 85]]]","process":":\u7531\\begin{cases}x-y-m=0\\\\y2=2px\\end{cases}\u5f97x^{2}-(2m+2p)x+m^{2}=0,\u8bbeA(x_{1},y_{1}),B(x_{2},y_{2}),\u5219x_{1}+x_{2}=2m+2p;\u53c8\u76f4\u7ebfl:x-y-m=0\u7ecf\u8fc7\u629b\u7269\u7ebfC:y^{2}=2px(p>0)\u7684\u7126\u70b9(\\frac{p}{2},0),\\therefore\\frac{p}{2}-0-m=0,\u89e3\u5f97m=\\frac{p}{2}\u53c8|AB|=(x_{1}+\\frac{p}{2})+(x_{2}+\\frac{p}{2})=x_{1}+x_{2}+p=2m+3p=4p=6,\\thereforep=\\frac{3}{2}\u5373\u7b54\u6848\u4e3a\\frac{3}{5}"}
{"text":"\u8bbe$A(x_{1} , y_{1})$ , $B(x_{2} , y_{2})$\u662f\u629b\u7269\u7ebf$y=2 x^{2}$\u4e0a\u7684\u4e24\u70b9\uff0c\u76f4\u7ebf$l$\u662f$A B$\u7684\u5782\u76f4\u5e73\u5206\u7ebf, \u5f53\u76f4\u7ebf$l$\u7684\u659c\u7387\u4e3a$\\frac{1}{2}$\u65f6\uff0c\u5219\u76f4\u7ebf$l$\u5728$y$\u8f74\u4e0a\u622a\u8ddd\u7684\u53d6\u503c\u8303\u56f4\u662f?","fact_expressions":"l: Line;G: Parabola;A: Point;B: Point;x1: Number;y1: Number;x2: Number;y2: Number;Expression(G) = (y = 2*x^2);Coordinate(A) = (x1, y1);Coordinate(B) = (x2, y2);PointOnCurve(A, G);PointOnCurve(B, G);PerpendicularBisector(LineSegmentOf(A, B)) = l;Slope(l) = 1\/2","query_expressions":"Range(Intercept(l, yAxis))","answer_expressions":"(3\/4, +oo)","fact_spans":"[[[60, 65], [80, 85], [105, 110]], [[41, 55]], [[1, 20]], [[22, 40]], [[1, 20]], [[1, 20]], [[22, 40]], [[22, 40]], [[41, 55]], [[1, 20]], [[22, 40]], [[1, 59]], [[1, 59]], [[60, 77]], [[80, 102]]]","query_spans":"[[[105, 125]]]","process":""}
{"text":"\u5df2\u77e5\u629b\u7269\u7ebf$C$:$x^{2}=-2 p y(p>0)$\u7684\u7126\u70b9$F$\u4e0e$\\frac{y^{2}}{8}+\\frac{x^{2}}{4}=1$\u7684\u4e00\u4e2a\u7126\u70b9\u91cd\u5408\uff0c\u8fc7\u7126\u70b9$F$\u7684\u76f4\u7ebf\u4e0e$C$\u4ea4\u4e8e$A$\u3001$B$\u4e24\u4e0d\u540c\u70b9\uff0c\u629b\u7269\u7ebf$C$\u5728$A$\u3001$B$\u4e24\u70b9\u5904\u7684\u5207\u7ebf\u76f8\u4ea4\u4e8e\u70b9$M$\uff0c\u4e14$M$\u7684\u6a2a\u5750\u6807\u4e3a$2$\uff0c\u5219$|A B|$=?","fact_expressions":"C: Parabola;Expression(C) = (x^2 = -2*p*y);p: Number;p>0;F: Point;Focus(C) = F;Q: Curve;Expression(Q) = (x^2\/4 + y^2\/8 = 1);OneOf(Focus(Q)) = F;PointOnCurve(F, G) = True;G: Line;Intersection(G, C) = {A, B};Negation(A = B);A: Point;B: Point;Intersection(TangentOnPoint(A, C), TangentOnPoint(B, C)) = M;M: Point;XCoordinate(MidPoint(M)) = 2","query_expressions":"Abs(LineSegmentOf(A, B))","answer_expressions":"10","fact_spans":"[[[2, 28], [88, 91], [105, 111]], [[2, 28]], [[9, 28]], [[9, 28]], [[31, 34], [81, 84]], [[2, 34]], [[35, 70]], [[35, 70]], [[31, 77]], [[78, 87]], [[85, 87]], [[85, 104]], [[93, 104]], [[93, 96], [112, 115]], [[97, 100], [116, 119]], [[105, 132]], [[128, 132], [134, 137]], [[134, 145]]]","query_spans":"[[[147, 156]]]","process":"\u7531\u9898\u610f\u53ef\u5f97F(0,-2),\u5219p=4,\u629b\u7269\u7ebf\u65b9\u7a0b\u4e3ax^{2}=-8y\u8bbe\u76f4\u7ebfAB\u65b9\u7a0b\u4e3ay=kx-2,A(x_{1},y_{1}),B(x_{2},y_{2}):-\\frac{x_{1}^{2}}{8},y_{2}=\u7531y=-\\frac{x^{2}}{8}\u5f97y=-\\frac{x}{4},\\frac{2}{8},\u6240\u4ee5\u5728\u70b9A\u5904\u7684\u5207\u7ebf\u65b9\u7a0b\u4e3ay-y=-\\frac{x_{1}}{4}(x-x_{1})\u5316\u7b80\u5f97y=-\\frac{x_{1}}{4}x+\\frac{x_{1}^{2}}{8}\\textcircled{1}\u540c\u7406\u53ef\u5f97\u5728\u70b9B\u5904\u7684\u5207\u7ebf\u65b9\u7a0b\u4e3ay=-\\frac{x_{2}}{4}x+\\frac{x_{2}^{2}}{8}\\textcircled{2}\u8054\u7acb\\textcircled{1}\\textcircled{2}\u5f97x_{M}=\\frac{x_{1}+x_{2}}{2},\u53c8\\becauseM\u7684\u6a2a\u5750\u6807\u4e3a2,\\thereforex_{1}+x_{2}=4.\u5c06AB\u65b9\u7a0b\u4ee3\u5165\u629b\u7269\u7ebf\u5f97x^{2}+8kx-16=0,\\thereforex_{1}+x_{2}=-8k=4,\\thereforek=-\\frac{1}{2},\\thereforey_{1}+y_{2}=k(x_{1}+x_{2})-4=-\\frac{1}{2}\\times4-4=-6.\\therefore|AB|=_{p}-y_{1}-y_{2}=10."}
{"text":"\u82e5\u629b\u7269\u7ebf$y^{2}=4 x$\u4e0a\u6709\u4e00\u6761\u957f\u4e3a$10$\u7684\u52a8\u5f26$A B$\uff0c\u5219$A B$\u7684\u4e2d\u70b9\u5230$y$\u8f74\u7684\u6700\u77ed\u8ddd\u79bb\u4e3a?","fact_expressions":"G: Parabola;Expression(G) = (y^2 = 4*x);A: Point;B: Point;IsChordOf(LineSegmentOf(A, B), G);Length(LineSegmentOf(A, B)) = 10","query_expressions":"Min(Distance(MidPoint(LineSegmentOf(A, B)), yAxis))","answer_expressions":"4","fact_spans":"[[[1, 15]], [[1, 15]], [[35, 40]], [[35, 40]], [[1, 33]], [[19, 33]]]","query_spans":"[[[35, 55]]]","process":"\u4ee4A(x_{1},y),B(x_{2},y_{2}),\u800c\u629b\u7269\u7ebf\u51c6\u7ebf\u4e3ax=-1.\u5982\u4e0a\u56fe,\u5bf9\u4efb\u610f\u4e0d\u8fc7\u7126\u70b9\u7684\u5f26AB,E\u4e3aAB\u4e2d\u70b9\u6709GE=\\frac{AC+BD}{2}=\\frac{BF+AF}{2}>\\frac{AB}{2}\u6545\u5728\u629b\u7269\u7ebf\u4e2d,AB=10\u7684\u5f26\u4e2d\u53ea\u6709\u8fc7\u7126\u70b9\u7684\u5f26,\u5176\u4e2d\u70b9\u5230\u51c6\u7ebf\u6216y\u8f74\u7684\u8ddd\u79bb\u6700\u5c0f\u53ef\u77e5:x_{1}+x_{2}+2=10,\u4e14A\u3001B\u4e2d\u70b9\u5750\u6807\u4e3a(\\frac{x_{1}+x_{2}}{2},\\frac{y_{1}+y_{2}}{2})\\therefore\u4e2d\u70b9\u5230y\u8f74\u8ddd\u79bb\u4e3a\\frac{x_{1}+x_{2}}{2}=4\u5747\u7b54\u5bb6\u4e3a:4["}
{"text":"\u692d\u5706$x^{2}+4 y^{2}=16$\u88ab\u76f4\u7ebf$y=\\frac{1}{2} x+1$\u622a\u5f97\u7684\u5f26\u957f\u4e3a?","fact_expressions":"G: Ellipse;H: Line;Expression(G) = (x^2 + 4*y^2 = 16);Expression(H) = (y = x\/2 + 1)","query_expressions":"Length(InterceptChord(H, G))","answer_expressions":"sqrt(35)","fact_spans":"[[[0, 20]], [[21, 42]], [[0, 20]], [[21, 42]]]","query_spans":"[[[0, 49]]]","process":"\u7531\\begin{cases}x^{2}+4y^{2}=16\\\\y=\\frac{1}{2}x+1\\end{cases}\u6d88\u53bby\u5e76\u5316\u7b80\u5f97x^{2}+2x-6=0,\u8bbe\u76f4\u7ebf\u4e0e\u692d\u5706\u7684\u4ea4\u70b9\u4e3aM(x_{1},y_{1}),N(x_{2},y_{2}),\u5219x_{1}+x_{2}=-2,x_{1}x_{2}=-6,\u6240\u4ee5\u5f26\u957f|MN|=\\sqrt{1+k^{2}}|x_{1}-x_{2}|=\\sqrt{35}.\u6545\u586b\\sqrt{35}"}
{"text":"\u76f4\u7ebf$y=2 x+3$\u4e0e\u66f2\u7ebf$y=x^{2}$\u76f8\u4ea4\u4e8e$A$\u3001$B$\u4e24\u70b9\uff0c\u5219$|A B|$=?","fact_expressions":"G: Line;H: Curve;A: Point;B: Point;Expression(G) = (y = 2*x + 3);Expression(H) = (y = x^2);Intersection(G, H) = {A, B}","query_expressions":"Abs(LineSegmentOf(A, B))","answer_expressions":"4*sqrt(5)","fact_spans":"[[[0, 11]], [[12, 23]], [[26, 29]], [[30, 33]], [[0, 11]], [[12, 23]], [[0, 35]]]","query_spans":"[[[37, 46]]]","process":""}
{"text":"\u82e5\u53cc\u66f2\u7ebf\u7ecf\u8fc7\u70b9$(6, \\sqrt{3})$\uff0c\u4e14\u5176\u6e10\u8fd1\u7ebf\u65b9\u7a0b\u4e3a$y=\\pm \\frac{1}{3} x$\uff0c\u5219\u6b64\u53cc\u66f2\u7ebf\u7684\u6807\u51c6\u65b9\u7a0b?","fact_expressions":"G: Hyperbola;H: Point;Coordinate(H) = (6, sqrt(3));PointOnCurve(H, G);Expression(Asymptote(G)) = (y = pm*(x\/3))","query_expressions":"Expression(G)","answer_expressions":"x^2\/9-y^2=1","fact_spans":"[[[1, 4], [24, 25], [55, 58]], [[6, 22]], [[6, 22]], [[1, 22]], [[24, 52]]]","query_spans":"[[[55, 64]]]","process":"\u7531\u9898\u610f\u5f97,\u53cc\u66f2\u7ebf\u7684\u6e10\u8fd1\u7ebf\u65b9\u7a0b\u4e3ay=\\pm\\frac{1}{3}x.\u8bbe\u6240\u6c42\u7684\u53cc\u66f2\u7ebf\u7684\u65b9\u7a0b\u4e3ax^{2}-9y^{2}=\\lambda(\\lambda\\neq0).\\because\u70b9(6,\\sqrt{3})\u4e3a\u8be5\u53cc\u66f2\u7ebf\u4e0a\u7684\u70b9,\\therefore\\lambda=36-27=9.\\therefore\u8be5\u53cc\u66f2\u7ebf\u7684\u65b9\u7a0b\u4e3a:x^{2}-9y2=9\u5373\\frac{x^{2}}{0}-y^{2}=1"}
{"text":"\u82e5\u76f4\u7ebf$m x-y-2 m=0$\u4e0e\u66f2\u7ebf$x=\\sqrt{1+y^{2}}$\u6709\u4e24\u4e2a\u516c\u5171\u70b9\uff0c\u5219\u5b9e\u6570$m$\u7684\u53d6\u503c\u8303\u56f4\u4e3a?","fact_expressions":"G: Line;m: Real;H: Curve;Expression(G) = (-2*m + m*x - y = 0);Expression(H) = (x = sqrt(y^2 + 1));NumIntersection(G, H)=2","query_expressions":"Range(m)","answer_expressions":"(-oo,-1)+(1,+oo)","fact_spans":"[[[1, 16]], [[45, 50]], [[17, 37]], [[1, 16]], [[17, 37]], [[1, 43]]]","query_spans":"[[[45, 57]]]","process":"\u66f2\u7ebfx=\\sqrt{1+y^{2}}\u5373x^{2}-y^{2}=1(x\\geqslant1),\u5176\u6e10\u8fd1\u7ebf\u4e3a:y=\\pmx\u76f4\u7ebfmx-y-2m=0,\u5373y=m(x-2),\u76f4\u7ebf\u8fc7\u5b9a\u70b9(2,0)\u5728\u540c\u4e00\u5750\u6807\u7cfb\u4e0b,\u4f5c\u51fa\u4e8c\u8005\u7684\u56fe\u8c61:\u7531\u56fe\u50cf\u53ef\u5f97:m\\in(-\\infty,-1)\\cup(1,+\\infty)"}
{"text":"\u5df2\u77e5\u70b9$P(2, a)$\u5728\u629b\u7269\u7ebf$C$: $y^{2}=4 x$\u4e0a\uff0c\u5219\u70b9$P$\u5230\u629b\u7269\u7ebf$C$\u7684\u7126\u70b9\u7684\u8ddd\u79bb\u4e3a?","fact_expressions":"P: Point;Coordinate(P) = (2, a);a: Number;C: Parabola;Expression(C) = (y^2 = 4*x);PointOnCurve(P, C) = True","query_expressions":"Distance(P, Focus(C))","answer_expressions":"3","fact_spans":"[[[2, 12], [35, 39]], [[2, 12]], [[3, 12]], [[13, 32], [40, 46]], [[13, 32]], [[2, 33]]]","query_spans":"[[[35, 54]]]","process":"\u629b\u7269\u7ebfC:y^{2}=4x\u7684\u51c6\u7ebf\u65b9\u7a0b\u4e3a:x=-1,\u7531\u629b\u7269\u7ebf\u5b9a\u4e49\u5f97,\u70b9P(2,a)\u5230\u629b\u7269\u7ebfC\u7684\u7126\u70b9\u7684\u8ddd\u79bbd=2-(-1)=3,\u6240\u4ee5\u70b9P\u5230\u629b\u7269\u7ebfC\u7684\u7126\u70b9\u7684\u8ddd\u79bb\u4e3a3\u6545\u7b54\u5bb6\u4e3a:3"}
{"text":"\u5df2\u77e5\u65b9\u7a0b$\\frac{x^{2}}{-2-\\lambda}+\\frac{y^{2}}{1+2 \\lambda}=-3$\u8868\u793a\u7126\u70b9\u5728$y$\u8f74\u4e0a\u7684\u692d\u5706\uff0c\u5219$\\lambda$\u7684\u53d6\u503c\u8303\u56f4\u4e3a?","fact_expressions":"G: Ellipse;lambda: Number;Expression(G) = (x^2\/(-lambda - 2) + y^2\/(2*lambda + 1) = -3);PointOnCurve(Focus(G), yAxis)","query_expressions":"Range(lambda)","answer_expressions":"(-2, -1)","fact_spans":"[[[70, 72]], [[74, 83]], [[2, 72]], [[61, 72]]]","query_spans":"[[[74, 90]]]","process":"\u6839\u636e\u7126\u70b9\u5728y\u8f74\u4e0a\u7684\u692d\u5706\u65b9\u7a0b\u7684\u7279\u70b9\u5f97\u5230\u4e0d\u7b49\u5f0f\u7ec4,\u89e3\u4e0d\u7b49\u5f0f\u7ec4\u5373\u53ef.\\frac{x^{2}}{-2-\\lambda}+\\frac{y^{2}}{1+2\\lambda}=-3\\Rightarrow\\frac{y^{2}}{-3(1+2\\lambda)}+\\frac{x^{2}}{3(2+\\lambda)}=1=-3\u8868\u793a\u7126\u70b9\u5728y\u8f74\u4e0a\u7684\u692d\u5706|-\\frac{1}{2}|\u6240\u4ee5\u6709\\begin{cases}-3(1+2\\lambda)\\\\3(2+\\lambda)>0\\\\-3(1+2)\\end{cases}\\Rightarrow-2<\\lambda<-3(1+22)>3(2+\\lambda)"}
{"text":"\u5df2\u77e5\u52a8\u5706$M$\u4e0e\u76f4\u7ebf$y=2$\u76f8\u5207\uff0c\u4e14\u4e0e\u5b9a\u5706$C$: $x^{2}+(y+3)^{2}=1$\u5916\u5207\uff0c\u5219\u52a8\u5706\u5706\u5fc3$M$\u7684\u8f68\u8ff9\u65b9\u7a0b\u4e3a?","fact_expressions":"M: Circle;G: Line;Expression(G) = (y = 2);IsTangent(M, G);C: Circle;Expression(C) = (x^2 + (y + 3)^2 = 1);IsOutTangent(M, C);M1: Point;Center(M) = M1","query_expressions":"LocusEquation(M1)","answer_expressions":"x^2 = -12*y","fact_spans":"[[[4, 7]], [[8, 15]], [[8, 15]], [[4, 17]], [[22, 46]], [[22, 46]], [[4, 48]], [[54, 57]], [[50, 57]]]","query_spans":"[[[54, 64]]]","process":"\u8bbe\u52a8\u5706\u534a\u5f84\u4e3ar,\u5219M\u5230\u76f4\u7ebfy=2\u7684\u8ddd\u79bb\u4e3ar,MC=r+1.\u6545M\u5230(0,-3)\u7684\u8ddd\u79bb\u7b49\u4e8e\u5230y=3\u7684\u8ddd\u79bb,\u6545\u8f68\u8ff9\u4e3a\u629b\u7269\u7ebf,\u5373x^{2}=-12y"}
{"text":"\u5df2\u77e5\u53cc\u66f2\u7ebf$\\frac{x^{2}}{a^{2}}-\\frac{y^{2}}{b^{2}}=1(a>0, b>0)$\u7684\u53f3\u7126\u70b9\u4e3a$F(4,0)$\uff0c\u82e5\u8fc7\u70b9$F$\u4e14\u503e\u659c\u89d2\u4e3a$60^{\\circ}$\u7684\u76f4\u7ebf\u4e0e\u53cc\u66f2\u7ebf\u7684\u53f3\u652f\u6709\u4e14\u53ea\u6709\u4e00\u4e2a\u4ea4\u70b9\uff0c\u5219$a$\u7684\u53d6\u503c\u8303\u56f4\u662f?","fact_expressions":"G: Hyperbola;b: Number;a: Number;H: Line;F: Point;a>0;b>0;Expression(G) = (-y^2\/b^2 + x^2\/a^2 = 1);Coordinate(F) = (4, 0);RightFocus(G) = F;PointOnCurve(F, H);Inclination(H) = ApplyUnit(60, degree);NumIntersection(H, RightPart(G)) = 1","query_expressions":"Range(a)","answer_expressions":"(0, 2]","fact_spans":"[[[2, 58], [99, 102]], [[5, 58]], [[115, 118]], [[96, 98]], [[63, 71], [74, 78]], [[5, 58]], [[5, 58]], [[2, 58]], [[63, 71]], [[2, 71]], [[73, 98]], [[79, 98]], [[96, 113]]]","query_spans":"[[[115, 125]]]","process":"\u8bd5\u9898\u5206\u6790:\u7531\u9898\u610f\u53ef\u77e5,\u8981\u4f7f\u76f4\u7ebf\u4e0e\u53cc\u66f2\u7ebf\u7684\u53f3\u652f\u6709\u4e14\u53ea\u6709\u4e00\u4e2a\u4ea4\u70b9,\u5219\u53cc\u66f2\u7ebf\\frac{x^{2}}{a^{2}}-\\frac{y^{2}}{b^{2}}=1(a>0,b>0)\u7684\u6e10\u8fd1\u7ebfy=\\frac{b}{a}x\u7684\u659c\u7387\\frac{b}{a}\\geqslant\\tan60^{\\circ},\u5373(\\frac{b}{a})^{2}\\geqslant3,\u7ed3\u5408\u53f3\u7126\u70b9\u4e3aF(4,0)\u5373c=4,\u53ef\u89e3\u5f97a\u7684\u53d6\u503c\u8303\u56f4\u662f0<a\\leqslant2,\u6545\u7b54\u6848\u586b0<a\\leqslant2."}
{"text":"\u4ee5\u629b\u7269\u7ebf$y=\\frac{1}{4} x^{2}$\u7684\u7126\u70b9\u4e3a\u5706\u5fc3\uff0c\u4ee5\u7126\u70b9\u5230\u51c6\u7ebf\u7684\u8ddd\u79bb\u4e3a\u534a\u5f84\u7684\u5706\u88ab\u53cc\u66f2\u7ebf$\\frac{x^{2}}{4}-y^{2}=1$\u7684\u6e10\u8fd1\u7ebf\u622a\u5f97\u7684\u5f26\u957f\u4e3a?","fact_expressions":"G: Hyperbola;H: Parabola;C: Circle;Expression(G) = (x^2\/4 - y^2 = 1);Expression(H) = (y = x^2\/4);Center(C)=Focus(H);Radius(C)=Distance(Focus(H),Directrix(H))","query_expressions":"Length(InterceptChord(Asymptote(G),C))","answer_expressions":"8*sqrt(5)\/5","fact_spans":"[[[47, 75]], [[1, 25]], [[45, 46]], [[47, 75]], [[1, 25]], [[0, 46]], [[0, 46]]]","query_spans":"[[[45, 86]]]","process":"\u8bd5\u9898\u5206\u6790:\u6839\u636e\u9898\u610f\u53ef\u77e5\u5706\u7684\u65b9\u7a0b\u4e3ax^{2}+(y-1)^{2}=4,\u53d6\u53cc\u66f2\u7ebf\\frac{x^{2}}{4}-y^{2}=1\u7684\u6e10\u8fd1\u7ebfy=\\frac{1}{2}x,\u5373x-2y=0,\u5706\u5fc3\u5230\u76f4\u7ebf\u7684\u8ddd\u79bbd=\\frac{|-2|}{\\sqrt{5}}=\\frac{\\sqrt[2]{5}}{5},\u6240\u4ee5\u5bf9\u5e94\u7684\u5f26\u957f\u4e3a2\\sqrt{4-\\frac{4}{5}}=\\frac{8\\sqrt{5}}{5}."}
{"text":"\u7126\u70b9\u5728$y$\u8f74\u4e0a\uff0c\u6e10\u8fd1\u7ebf\u65b9\u7a0b\u4e3a$y=\\pm 2 x$\u7684\u53cc\u66f2\u7ebf\u7684\u79bb\u5fc3\u7387\u4e3a?","fact_expressions":"G: Hyperbola;PointOnCurve(Focus(G), yAxis);Expression(Asymptote(G)) = (y = pm*(2*x))","query_expressions":"Eccentricity(G)","answer_expressions":"sqrt(5)\/2","fact_spans":"[[[27, 30]], [[0, 30]], [[9, 30]]]","query_spans":"[[[27, 36]]]","process":""}
{"text":"\u5df2\u77e5\u692d\u5706\u65b9\u7a0b\u4e3a$\\frac{x^{2}}{a^{2}}+\\frac{y^{2}}{b^{2}}=1(a>b>0)$\uff0c\u5de6\u3001\u53f3\u7126\u70b9\u5206\u522b\u4e3a$F_{1}$\u3001$F_{2}$\u3001$P$\u4e3a\u692d\u5706\u4e0a\u7684\u52a8\u70b9\uff0c\u82e5$\\angle F_{1} P F_{2}$\u7684\u6700\u5927\u503c\u4e3a$\\frac{2 \\pi}{3}$\uff0c\u5219\u692d\u5706\u7684\u79bb\u5fc3\u7387\u4e3a?","fact_expressions":"G: Ellipse;F1: Point;P: Point;F2: Point;Expression(G) = (y^2\/b^2 + x^2\/a^2 = 1);LeftFocus(G) =F1;RightFocus(G)=F2;PointOnCurve(P,G);Max(AngleOf(F1, P, F2)) = (2*pi)\/3;a:Number;b:Number;a>b;b>0","query_expressions":"Eccentricity(G)","answer_expressions":"sqrt(3)\/2","fact_spans":"[[[2, 4], [86, 88], [140, 142]], [[66, 73]], [[82, 85]], [[74, 81]], [[2, 57]], [[2, 81]], [[2, 81]], [[82, 92]], [[94, 138]], [[2, 57]], [[2, 57]], [[2, 57]], [[2, 57]]]","query_spans":"[[[140, 148]]]","process":"\u7531\u692d\u5706\u7684\u5b9a\u4e49\u53ef\u5f97|PF_{1}|+|PF_{2}|=2a,\u7531\u4f59\u5f26\u5b9a\u7406\u53ef\u5f97|^{2}=\\frac{(|PF_{1}+|PF_{2}|)^{2}-|FF|F}{|PF_{1}|}|P|^{2}-1=\\frac{4b^{2}-1=\\frac{22}{2a^{2}}-1}{a}F_{1}\\bot|PF\u56e0\u4e3a\\angleF_{1}PF_{2}\u7684\u6700\u5927\u503c\u4e3a\\frac{2\\pi}{3},\u5219\\frac{2b^{2}}{a^{2}}-1=\\cos\u56e0\u4e3a\\angleF_{1}PF_{2}\u7684\u6700\u5927\u503c\u4e3a\\frac{2\\pi}{3},\u5219\\frac{2b^{2}}{a^{2}}-1=\\cos\\frac{2\\pi}{3}=-\\frac{1}{2},\u53ef\u5f97\\frac{b^{2}}{a^{2}}=\\frac{1}{4},\u56e0\u6b64,\u8be5\u692d\u5706\u7684\u79bb\u5fc3\u7387\u4e3ae=\\frac{c}{a}=\\sqrt{\\frac{c^{2}}{a^{2}}}=\\sqrt{\\frac{a2-b^{2}}{a^{2}}}=\\sqrt{1-\\frac{b^{2}}{a^{2}}}=\\frac{\\sqrt{3}}{2}."}
{"text":"\u5df2\u77e5\u66f2\u7ebf$C$: $x^{2}+y^{2}=m$\u6070\u6709\u4e09\u4e2a\u70b9\u5230\u76f4\u7ebf$12 x+5 y+26=0$\u8ddd\u79bb\u4e3a$1$\uff0c\u5219$m$=?","fact_expressions":"C: Curve;Expression(C) = (x^2 + y^2 = m);m: Number;D1: Point;D2: Point;D3: Point;PointOnCurve(D1, C) ;PointOnCurve(D2, C) ;PointOnCurve(D3, C)  ;Distance(D1, G) = 1;Distance(D2, G) = 1;Distance(D3, G) = 1;G: Line;Expression(G) = (12*x + 5*y + 26 = 0)","query_expressions":"m","answer_expressions":"9","fact_spans":"[[[2, 24]], [[2, 24]], [[55, 58]], [], [], [], [[2, 29]], [[2, 29]], [[2, 29]], [[2, 53]], [[2, 53]], [[2, 53]], [[30, 47]], [[30, 47]]]","query_spans":"[[[55, 60]]]","process":""}
{"text":"\u8bbe$F_{1}$\u3001$F_{2}$\u662f\u53cc\u66f2\u7ebf$\\frac{x^{2}}{4}-y^{2}=1$\u7684\u4e24\u4e2a\u7126\u70b9\uff0c\u70b9$P$\u5728\u53cc\u66f2\u7ebf\u4e0a\u4e14\u6ee1\u8db3$\\angle F_{1} P F_{2}=60^{\\circ}$\uff0c\u5219$\\triangle P F_{1} F_{2}$\u7684\u9762\u79ef\u4e3a?","fact_expressions":"G: Hyperbola;P: Point;F1: Point;F2: Point;Expression(G) = (x^2\/4 - y^2 = 1);Focus(G) = {F1, F2};PointOnCurve(P, G);AngleOf(F1, P, F2) = ApplyUnit(60, degree)","query_expressions":"Area(TriangleOf(P, F1, F2))","answer_expressions":"sqrt(3)","fact_spans":"[[[17, 45], [56, 59]], [[51, 55]], [[1, 8]], [[9, 16]], [[17, 45]], [[1, 50]], [[51, 60]], [[63, 96]]]","query_spans":"[[[98, 128]]]","process":"\u7531\u9898\u5f97a^{2}=4,b^{2}=1,\\thereforec^{2}=4+1=5,\\thereforec=\\sqrt{5}\u7531\u9898\u5f97\\begin{cases}20=|PF_{1}|^{2}+|PF_{2}|^{2}-2|PF_{1}||PF_{2}|\\times\\frac{1}{2}=(|PF_{1}|-|PF_{2}|)^{2}+|PF_{1}||PF_{2}|\\therefore|PF_{1}||PF_{1}|-|PF_{2}||=4\u6240\u4ee5_{S}=\\frac{1}{2}\\cdot|PF_{1}||PF_{2}|\\cdot\\sin\\frac{\\pi}{3}=\\frac{1}{2}\\cdot4\\cdot\\frac{\\sqrt{3}}{2}=\\sqrt{3}"}
{"text":"\u8fc7\u53cc\u66f2\u7ebf$\\Gamma$: $\\frac{x^{2}}{a^{2}}-\\frac{y^{2}}{3 a^{2}}=1(a>0)$\u7684\u53f3\u7126\u70b9$F$\u4f5c\u659c\u7387\u4e3a$k$\u7684\u76f4\u7ebf\u4ea4\u53cc\u66f2\u7ebf\u7684\u53f3\u652f\u4e8e$M$ . $N$\u4e24\u70b9\uff0c\u5f26$M N$\u7684\u5782\u76f4\u5e73\u5206\u7ebf\u4ea4$x$\u8f74\u4e8e\u70b9$P$\uff0c\u5219$\\frac{|P F|}{|M N|}$=?","fact_expressions":"Gamma: Hyperbola;a: Number;k:Number;H: Line;M: Point;N: Point;P: Point;F:Point;a>0;Expression(Gamma) = (x^2\/a^2- y^2\/(3*a^2) = 1);RightFocus(Gamma) = F;PointOnCurve(F, H);Slope(H) = k;Intersection(H,RightPart(Gamma))={M,N};IsChordOf(LineSegmentOf(M,N),Gamma);Intersection(PerpendicularBisector(LineSegmentOf(M,N)),xAxis)=P","query_expressions":"Abs(LineSegmentOf(P, F))\/Abs(LineSegmentOf(M, N))","answer_expressions":"1","fact_spans":"[[[1, 64], [82, 85]], [[14, 64]], [[75, 78]], [[79, 81]], [[89, 92]], [[94, 98]], [[119, 123]], [[68, 71]], [[14, 64]], [[1, 64]], [[1, 71]], [[0, 81]], [[72, 81]], [[79, 100]], [[79, 107]], [[101, 123]]]","query_spans":"[[[125, 148]]]","process":"\u8bbel_{MN}:x=my+c,(c=2a,k=\\frac{1}{m}),\u8054\u7acb\\begin{cases}\\frac{x^{2}}{a^{2}}-\\frac{y^{2}}{3a^{2}}=1\\\\x=my+c\\end{cases}\u5f97(a^{2}-b^{2}m^{2})y^{2}-2b^{2}cmy-b^{4}=0\u5219\u4e2d\u5782\u7ebf\u65b9\u7a0b\u4e3a:\u4ee4y=0,\u5f97x_{p}=\\frac{c^{a}}{a^{2}-b^{2}m^{2}},\u6240\u4ee5|PF|=|\\frac{c-b}{a^{2}-b^{2}m^{2}}-c|=\\frac{b^{2}c(1+m^{2})}{|a^{2}-b^{m}m^{2}}|\u6545\\frac{|PF|}{|MN|}=\\frac{c}{2a}=1."}
{"text":"\u5df2\u77e5\u53cc\u66f2\u7ebf$C$: $\\frac{x^{2}}{a^{2}}-\\frac{y^{2}}{b^{2}}=1(a>0, b>0)$\u7684\u5de6\u3001\u53f3\u7126\u70b9\u5206\u522b$F_{1}$\u3001$F_{2}$\u3001$P$\u4e3a$C$\u6e10\u8fd1\u7ebf\u4e0a\u4e00\u70b9\uff0c$O$\u4e3a\u5750\u6807\u539f\u70b9\uff0c\u4e14$|O P|=1$ , $\\Delta P F_{1} F_{2}$\u7684\u9762\u79ef\u4e3a$\\sqrt{2} a$\uff0c\u5219\u53cc\u66f2\u7ebf$C$\u7684\u79bb\u5fc3\u7387\u4e3a?","fact_expressions":"C: Hyperbola;Expression(C) = (-y^2\/b^2 + x^2\/a^2 = 1);b: Number;a: Number;a>0;b>0;F1: Point;F2: Point;LeftFocus(C) = F1;RightFocus(C) = F2;P: Point;PointOnCurve(P, Asymptote(C)) = True;O: Origin;Abs(LineSegmentOf(O, P)) = 1;Area(TriangleOf(P, F1, F2)) = sqrt(2)*a","query_expressions":"Eccentricity(C)","answer_expressions":"sqrt(3)","fact_spans":"[[[2, 63], [91, 94], [163, 169]], [[2, 63]], [[10, 63]], [[10, 63]], [[10, 63]], [[10, 63]], [[71, 78]], [[79, 86]], [[2, 86]], [[2, 86]], [[87, 90]], [[87, 100]], [[101, 104]], [[111, 120]], [[123, 161]]]","query_spans":"[[[163, 175]]]","process":"\u4e0d\u59a8\u8bbe\u70b9P(x_{0},y_{0})\u4e3a\u7b2c\u4e00\u8c61\u9650\u5185\u7684\u70b9,\u5219y_{0}=\\frac{b}{a}x_{0}S_{\\trianglePF_{1}F_{2}}=\\frac{1}{2}\\times2c\\times\\frac{b}{a^{2}+\\frac{2}{c^{2}}}=1,\u5373\\frac{3a}{a^{2}}(\\frac{a}{b^{2}+1)=\\frac{2ac}{b^{2}c}}=\\frac{2a^{2}}{b^{2}}=1,}\u7684\\frac{b^{2}}{a^{2}}=2\u5219y_{0}=\\frac{b}{a}x_{0}=\\frac{\\sqrt{2}a}{c},\u5373\u70b9_{P}(\\frac{\\sqrt{2}a^{2}}{bc},\\frac{\\sqrt{2}a}{c})"}
{"text":"\u629b\u7269\u7ebf$y=2 x^{2}$\u7684\u7126\u70b9\u4e3a?","fact_expressions":"G: Parabola;Expression(G) = (y = 2*x^2)","query_expressions":"Focus(G)","answer_expressions":"(0, 1\/8)","fact_spans":"[[[0, 14]], [[0, 14]]]","query_spans":"[[[0, 19]]]","process":"\u8bd5\u9898\u5206\u6790:\u629b\u7269\u7ebf\u65b9\u7a0by=2x^{2}\u53d8\u5f62\u4e3ax^{2}=\\frac{1}{2}y\\therefore2p=\\frac{1}{2}\\therefore\\frac{p}{2}=\\frac{1}{4},\u6240\u4ee5\u7126\u70b9\u4e3a(0,\\frac{1}{8})"}
{"text":"\u70b9$P$\u662f\u7126\u70b9\u4e3a$F_{1}$\u3001$F_{2}$\u7684\u53cc\u66f2\u7ebf$\\frac{x^{2}}{25}-\\frac{y^{2}}{16}=1$\u4e0a\u7684\u52a8\u70b9\uff0c\u82e5\u70b9$I$\u6ee1\u8db3$\\overrightarrow{PI} \\cdot | \\overrightarrow{F_{1} F_{2}}|+\\overrightarrow{F_{1} I} \\cdot |\\overrightarrow{P F_{2}}|+\\overrightarrow{F_{2} I} \\cdot | \\overrightarrow{P F_{1}} |=\\overrightarrow{0}$, \u5219\u70b9$I$\u7684\u6a2a\u5750\u6807\u4e3a?","fact_expressions":"G: Hyperbola;P: Point;I: Point;F1: Point;F2: Point;Expression(G) = (x^2\/25 - y^2\/16 = 1);Focus(G)={F1,F2};PointOnCurve(P,G);VectorOf(F1, I)*Abs(VectorOf(P, F2)) + VectorOf(P, I)*Abs(VectorOf(F1, F2)) + VectorOf(F2, I)*Abs(VectorOf(P, F1)) = 0","query_expressions":"XCoordinate(I)","answer_expressions":"pm*5","fact_spans":"[[[24, 64]], [[0, 4]], [[70, 74], [275, 279]], [[8, 15]], [[16, 23]], [[24, 64]], [[5, 64]], [[0, 68]], [[76, 272]]]","query_spans":"[[[275, 285]]]","process":""}
{"text":"\u5982\u679c\u65b9\u7a0b$\\frac{x^{2}}{m+1} + \\frac {y^{2}}{m+2}=1$\u8868\u793a\u53cc\u66f2\u7ebf\uff0c\u90a3\u4e48$m$\u7684\u53d6\u503c\u8303\u56f4\u662f?","fact_expressions":"G: Hyperbola;m: Number;Expression(G) = (x^2\/(m + 1) + y^2\/(m + 2) = 1)","query_expressions":"Range(m)","answer_expressions":"(-2, -1)","fact_spans":"[[[48, 51]], [[54, 57]], [[2, 51]]]","query_spans":"[[[54, 64]]]","process":""}
{"text":"\u5df2\u77e5\u70b9$A$\u3001$B$\u662f\u53cc\u66f2\u7ebf$x^{2}-\\frac{y^{2}}{2}=1$\u4e0a\u7684\u4e24\u70b9\uff0c$O$\u4e3a\u539f\u70b9\uff0c\u82e5$ \\overrightarrow{O A} \\cdot \\overrightarrow{O B}=0$, \u5219\u70b9$O$\u5230\u76f4\u7ebf$A B$\u7684\u8ddd\u79bb\u4e3a?","fact_expressions":"G: Hyperbola;B: Point;A: Point;O: Origin;Expression(G) = (x^2 - y^2\/2 = 1);PointOnCurve(A, G);PointOnCurve(B, G);DotProduct(VectorOf(O, A), VectorOf(O, B)) = 0","query_expressions":"Distance(O, LineOf(A,B))","answer_expressions":"sqrt(2)","fact_spans":"[[[11, 39]], [[7, 10]], [[2, 6]], [[44, 47], [107, 111]], [[11, 39]], [[2, 43]], [[2, 43]], [[52, 104]]]","query_spans":"[[[107, 124]]]","process":""}
{"text":"\u5df2\u77e5$\\triangle A B C$\u7684\u9876\u70b9$A$\u662f\u692d\u5706$\\frac{x^{2}}{3}+y^{2}=1$\u7684\u4e00\u4e2a\u7126\u70b9\uff0c\u9876\u70b9$B$\u3001$C$\u5728\u692d\u5706\u4e0a\uff0c\u4e14$B C$\u8fb9\u7ecf\u8fc7\u692d\u5706\u7684\u53e6\u4e00\u4e2a\u7126\u70b9\uff0c\u5219$\\triangle A B C$\u7684\u5468\u957f\u4e3a?","fact_expressions":"G: Ellipse;B: Point;C: Point;A: Point;Expression(G) = (x^2\/3 + y^2 = 1);Negation(A=F);OneOf(Focus(G)) = A;PointOnCurve(B, G);PointOnCurve(C, G);F:Point;OneOf(Focus(G))=F;PointOnCurve(F,LineSegmentOf(B,C))","query_expressions":"Perimeter(TriangleOf(A, B, C))","answer_expressions":"4*sqrt(3)","fact_spans":"[[[26, 53], [69, 71], [82, 84]], [[61, 64]], [[65, 68]], [[22, 25]], [[26, 53]], [[22, 90]], [[22, 58]], [[59, 72]], [[59, 72]], [], [[82, 90]], [[74, 90]]]","query_spans":"[[[92, 114]]]","process":"\u6839\u636e\u692d\u5706\u7684\u5b9a\u4e49\u6c42\u89e3\u5373\u53ef.\u6613\u5f97\\triangleABC\u7684\u5468\u957f\u4e3aB\u3001C\u4e24\u70b9\u5230\u4e24\u4e2a\u7126\u70b9\u95f4\u7684\u8ddd\u79bb\u4e4b\u548c\u4e3a2a+2a=4a=4\\sqrt{3}"}
{"text":"\u82e5\u53cc\u66f2\u7ebf$\\frac{x^{2}}{4}-\\frac{y^{2}}{m}=1$\u7684\u7126\u8ddd\u4e3a$6$, \u5219$m$\u7684\u503c\u4e3a?","fact_expressions":"G: Hyperbola;m: Number;Expression(G) = (x^2\/4 - y^2\/m = 1);FocalLength(G) = 6","query_expressions":"m","answer_expressions":"5","fact_spans":"[[[1, 39]], [[49, 52]], [[1, 39]], [[1, 46]]]","query_spans":"[[[49, 56]]]","process":"\\because\u53cc\u66f2\u7ebf\\frac{x2}{4}-\\frac{y^{2}}{m}=1,\\thereforea=2,b=\\sqrt{m}\\because\u53cc\u66f2\u7ebf\\frac{x^{2}}{4}-\\frac{y^{2}}{m}=1\u7684\u7126\u8ddd\u4e3a6\\therefore6=2\\sqrt{4+m}\u89e3\u5f97m=5"}
{"text":"\u5df2\u77e5\u692d\u5706$\\frac{x^{2}}{a^{2}}+\\frac{y^{2}}{b^{2}}=1(a>b>0)$\u7684\u5de6\u3001\u53f3\u7126\u70b9\u5206\u522b\u4e3a$F_{1}$\u3001$F_{2}$\uff0c\u82e5\u692d\u5706\u4e0a\u7684\u70b9$P$\u6ee1\u8db3$P F_{2} \\perp x$\u8f74\uff0c$|P F_{1}|=2|P F_{2}|$\uff0c\u5219\u8be5\u692d\u5706\u7684\u79bb\u5fc3\u7387\u4e3a?","fact_expressions":"G: Ellipse;b: Number;a: Number;P: Point;F2: Point;F1: Point;a > b;b > 0;Expression(G) = (y^2\/b^2 + x^2\/a^2 = 1);LeftFocus(G) = F1;RightFocus(G) = F2;PointOnCurve(P,G);IsPerpendicular(LineSegmentOf(P,F2),xAxis);Abs(LineSegmentOf(P,F1))=2*Abs(LineSegmentOf(P,F2))","query_expressions":"Eccentricity(G)","answer_expressions":"sqrt(3)\/3","fact_spans":"[[[2, 54], [80, 82], [134, 136]], [[4, 54]], [[4, 54]], [[84, 88]], [[71, 78]], [[63, 70]], [[4, 54]], [[4, 54]], [[2, 54]], [[2, 78]], [[2, 78]], [[80, 88]], [[90, 108]], [[109, 131]]]","query_spans":"[[[134, 142]]]","process":"\u8bbe|PF_{2}|=m,\u5219|PF_{1}|=2|PF_{2}|=2m.\u7531\u692d\u5706\u7684\u5b9a\u4e49\u53ef\u77e5:|PF_{1}|+|PF_{2}|=3m=2a,\u6240\u4ee5m=\\frac{2a}{3}\u6240\u4ee5|PF_{1}|=\\frac{4a}{3},|PF_{2}|=\\frac{2a}{3}\u56e0\u4e3aPF_{2}\\botx\u8f74,\u6240\u4ee5\\trianglePF_{1}F_{2}\u4e3a\u76f4\u89d2\u4e09\u89d2\u5f62,\u7531\u52fe\u80a1\u5b9a\u7406\u5f97:|PF_{1}|^{2}=|PF_{2}|^{2}+|F_{1}F_{2}|^{2}\u5373(\\frac{4a}{3})^{2}=(\\frac{2a}{3})^{2}+(2c)^{2},\u5373(\\frac{c}{a})^{2}=\\frac{1}{3}.\u6240\u4ee5\u79bb\u5fc3\u7387e=\\frac{c}{a}=\\frac{\\sqrt{3}}{3}"}
{"text":"\u82e5$A B$\u4e3a\u629b\u7269\u7ebf$y^{2}=2 p x(p>0)$\u7684\u52a8\u5f26, \u4e14$|A B|=a(a>2 p)$, \u5219$A B$\u7684\u4e2d\u70b9$M$\u5230$y$\u8f74\u7684\u6700\u8fd1\u8ddd\u79bb\u662f?","fact_expressions":"G: Parabola;Expression(G) = (y^2 = 2*(p*x));p: Number;p>0;A: Point;B: Point;IsChordOf(LineSegmentOf(A, B), G);a: Number;Abs(LineSegmentOf(A, B)) = a;a>2*p;M: Point;MidPoint(LineSegmentOf(A, B)) = M","query_expressions":"Min(Distance(M, yAxis))","answer_expressions":"(a-p)\/2","fact_spans":"[[[7, 28]], [[7, 28]], [[10, 28]], [[10, 28]], [[1, 6]], [[1, 6]], [[1, 31]], [[34, 50]], [[34, 50]], [[34, 50]], [[61, 64]], [[53, 64]]]","query_spans":"[[[61, 76]]]","process":""}
{"text":"\u5df2\u77e5\u70b9$P(x1, y1)$\u6ee1\u8db3$\\sqrt{(x-1)^{2}+y^{2}}+\\sqrt{(x+1)^{2}+y^{2}}=4$\uff0c\u5219$|O P|$($O$\u4e3a\u5750\u6807\u539f\u70b9) \u7684\u6700\u5927\u503c\u7b49\u4e8e?","fact_expressions":"P: Point;O: Origin;C: Curve;Coordinate(P) = (x1, y1);Expression(C) = (sqrt(y^2 + (x - 1)^2) + sqrt(y^2 + (x + 1)^2) = 4);PointOnCurve(P, C);x1: Number;y1: Number","query_expressions":"Max(Abs(LineSegmentOf(O, P)))","answer_expressions":"2","fact_spans":"[[[2, 14]], [[75, 78]], [[16, 65]], [[2, 14]], [[16, 65]], [[2, 65]], [[3, 14]], [[3, 14]]]","query_spans":"[[[67, 92]]]","process":"\u8bd5\u9898\u5206\u6790:\u7531\u9898\u610f,P\u70b9\u8f68\u8ff9\u662f\u5230\u4e24\u5b9a\u70b9(1,0),(-1,0)\u7684\u8ddd\u79bb\u4e4b\u548c\u4e3a4\u7684\u70b9\u7684\u8f68\u8ff9,\u662f\u692d\u5706,\u6807\u51c6\u65b9\u7a0b\u4e3a\\frac{x^{2}}{4}+\\frac{y^{2}}{3}=1,|OP|\u7684\u6700\u5927\u503c\u4e3aa=2"}
{"text":"\u5df2\u77e5\u70b9$P$\u4e3a\u53cc\u66f2\u7ebf$\\frac{x^{2}}{a^{2}}-\\frac{y^{2}}{b^{2}}=1(a>0, b>0)$\u4e0a\u4efb\u610f\u4e00\u70b9\uff0c\u8fc7\u70b9$P$\u4f5c\u53cc\u66f2\u7ebf\u7684\u6e10\u8fd1\u7ebf\u7684\u5e73\u884c\u7ebf\uff0c\u5206\u522b\u4e0e\u4e24\u6e10\u8fd1\u7ebf\u4ea4\u4e8e$M$\u3001$N$\u4e24\u70b9\uff0c\u82e5$|P M| \\cdot|P N|=b^{2}$\uff0c\u5219\u8be5\u53cc\u66f2\u7ebf\u7684\u79bb\u5fc3\u7387\u4e3a?","fact_expressions":"G: Hyperbola;b: Number;a: Number;P: Point;M: Point;N: Point;l1: Line;l2: Line;a>0;b>0;Expression(G) = (-y^2\/b^2 + x^2\/a^2 = 1);PointOnCurve(P, G);L1:Line;L2:Line;PointOnCurve(P,L1);PointOnCurve(P,L2);Asymptote(G)={l1,l2};IsParallel(L1,l1);IsParallel(L2,l2);Intersection(L1,l2)=M;Intersection(L2,l1)=N;Abs(LineSegmentOf(P, M))*Abs(LineSegmentOf(P, N)) = b^2","query_expressions":"Eccentricity(G)","answer_expressions":"2*sqrt(3)\/3","fact_spans":"[[[7, 63], [75, 78], [134, 137]], [[10, 63]], [[10, 63]], [[2, 6], [70, 74]], [[96, 99]], [[100, 103]], [], [], [[10, 63]], [[10, 63]], [[7, 63]], [[2, 68]], [], [], [[69, 86]], [[69, 86]], [[75, 94]], [[69, 86]], [[69, 86]], [[69, 105]], [[69, 105]], [[107, 131]]]","query_spans":"[[[134, 143]]]","process":"\u8bd5\u9898\u5206\u6790:\u8bbeP(a,0),\u5219\u53cc\u66f2\u7ebf\u7684\u6e10\u8fd1\u7ebf\u65b9\u7a0by=\\pm\\frac{b}{a}x,\u8fc7\u70b9P\u4f5c\u53cc\u66f2\u7ebf\u4e24\u6e10\u8fd1\u7ebf\u7684\u5e73\u884c\u65b9\u7a0b\u4e3ay=\\pm\\frac{b}{a}(x-a)\\begin{matrix}m&y=\\frac{s}{x-0}\\\\y=\\frac{a-a}{b}&x\\end{matrix}=\u7531c^{2}=a^{2}+b^{2}=4b^{2},c=2b,\\thereforee=\\frac{c}{a}=\\frac{2b}{\\sqrt{3}b}=\\frac{2\\sqrt{3}}{3},"}
{"text":"\u5df2\u77e5\u629b\u7269\u7ebf$C$:$y^{2}=2 px(p>0)$\u7684\u51c6\u7ebf$l$\uff0c\u8fc7$M(1,0)$\u4e14\u659c\u7387\u4e3a$\\sqrt{3}$\u7684\u76f4\u7ebf\u4e0e$l$\u76f8\u4ea4\u4e8e$A$\uff0c\u4e0e$C$\u7684\u4e00\u4e2a\u4ea4\u70b9\u4e3a$B$\uff0c\u82e5$\\overrightarrow{A M}=\\overrightarrow{M B}$\uff0c\u5219$p$=?","fact_expressions":"C: Parabola;p: Number;G:Line;M: Point;A: Point;B: Point;l: Line;p>0;Expression(C) = (y^2 = 2*p*x);Coordinate(M) = (1, 0);Directrix(C)=l;PointOnCurve(M,G);Slope(G)=sqrt(3);Intersection(G,l)=A;OneOf(Intersection(G,C))=B;VectorOf(A, M) = VectorOf(M, B)","query_expressions":"p","answer_expressions":"2","fact_spans":"[[[2, 26], [71, 74]], [[130, 133]], [[57, 59]], [[34, 42]], [[66, 69]], [[80, 83]], [[29, 32], [60, 63]], [[9, 26]], [[2, 26]], [[34, 42]], [[2, 32]], [[33, 59]], [[43, 59]], [[57, 69]], [[57, 83]], [[85, 128]]]","query_spans":"[[[130, 135]]]","process":"\u8bd5\u9898\u5206\u6790:\u7531\u9898\u610f,\u5f97l:x=-\\frac{p}{2},\u4e14\u76f4\u7ebf\u65b9\u7a0b\u4e3ay=\\sqrt{3}(x-1),\u5219A(-\\frac{p}{2},\\sqrt{3}(-\\frac{p}{2}-1)),\u56e0\u4e3a\\overrightarrow{AM}=\\overrightarrow{MB},\u6240\u4ee5B(2+\\frac{p}{2},\\sqrt{3}(\\frac{p}{2}+1)),\u5c06B(2+\\frac{p}{2},\\sqrt{3}(\\frac{p}{2}+1))\u4ee3\u5165y^{2}=2px,\u5f973(\\frac{p}{2}+1)^{2}=2p(2+\\frac{p}{2}),\u89e3\u5f97p=2;\u6545\u586b2."}
{"text":"\u5df2\u77e5\u692d\u5706$\\frac{x^{2}}{4}+\\frac{y^{2}}{3}=1$\uff0c\u8fc7\u70b9$(1,0)$\u4f5c\u503e\u659c\u89d2\u4e3a$45^{\\circ}$\u7684\u76f4\u7ebf$l$\u4ea4\u692d\u5706\u4e8e$A$\u3001$B$\u4e24\u70b9\uff0c$O$\u4e3a\u5750\u6807\u539f\u70b9\uff0c\u5219$\\triangle A O B$\u7684\u9762\u79ef\u4e3a?","fact_expressions":"G: Ellipse;Expression(G) = (x^2\/4 + y^2\/3 = 1);H: Point;Coordinate(H) = (1, 0);l: Line;PointOnCurve(H, l) = True;Inclination(l) = ApplyUnit(45, degree);Intersection(l, G) = {A, B};A: Point;O: Origin;B: Point","query_expressions":"Area(TriangleOf(A, O, B))","answer_expressions":"6*sqrt(2)\/7","fact_spans":"[[[2, 39], [73, 75]], [[2, 39]], [[41, 49]], [[41, 49]], [[67, 72]], [[40, 72]], [[50, 72]], [[67, 85]], [[76, 79]], [[86, 89]], [[80, 83]]]","query_spans":"[[[96, 118]]]","process":"\u8fc7\u70b9(1,0)\u4f5c\u503e\u659c\u89d2\u4e3a45^{\\circ}\u7684\u76f4\u7ebfl\u65b9\u7a0b\u4e3ay=x-1,\u8054\u7acb\\begin{cases}\\frac{x^{2}}{4}+\\frac{y^{2}}{3}=1\\\\y=x-1\\end{cases},\u5f977x^{2}-8x-8=0,\\triangle=64+4\\times7\\times8>0,\u8bbeA(x_{1},y_{1}),B(x_{2},y_{2}),\u5219x_{1}+x_{2}=\\frac{8}{7},x_{1}x_{2}=-\\frac{8}{7}.|AB|=\\sqrt{(1+1)[(\\frac{8}{7})^{2}+4\\times\\frac{8}{7}]}=\\frac{24}{7},\u539f\u70b9O(0,0)\u5230\u76f4\u7ebfy=x-1\u7684\u8ddd\u79bbd=\\frac{|-1|}{\\sqrt{2}}=\\frac{\\sqrt{2}}{2}\\therefore\\triangleAOB\u7684\u9762\u79efS=\\frac{1}{2}\\timesd\\times|AB|=\\frac{1}{2}\\times\\frac{\\sqrt{2}}{2}\\times\\frac{24}{7}=\\frac{6\\sqrt{2}}{7}"}
{"text":"\u5df2\u77e5\u53cc\u66f2\u7ebf$\\frac{x^{2}}{a^{2}}-\\frac{y^{2}}{b^{2}}=1(a>0 , b>0)$\u548c\u692d\u5706$\\frac{x^{2}}{16}+\\frac{y^{2}}{9}=1$\u6709\u76f8\u540c\u7684\u7126\u70b9\uff0c\u4e14\u53cc\u66f2\u7ebf\u7684\u79bb\u5fc3\u7387 \u662f\u692d\u5706\u79bb\u5fc3\u7387\u7684\u4e24\u500d\uff0c\u5219\u53cc\u66f2\u7ebf\u7684\u65b9\u7a0b\u4e3a?","fact_expressions":"G: Hyperbola;b: Number;a: Number;H: Ellipse;a>0;b>0;Expression(G) = (-y^2\/b^2 + x^2\/a^2 = 1);Expression(H) = (x^2\/16 + y^2\/9 = 1);Focus(G) = Focus(H);Eccentricity(G)=2*Eccentricity(H)","query_expressions":"Expression(G)","answer_expressions":"x^2\/4-y^2\/3=1","fact_spans":"[[[2, 59], [106, 109], [125, 128]], [[5, 59]], [[5, 59]], [[60, 98], [115, 117]], [[5, 59]], [[5, 59]], [[2, 59]], [[60, 98]], [[2, 104]], [[106, 123]]]","query_spans":"[[[125, 133]]]","process":""}
{"text":"\u53cc\u66f2\u7ebf\u7684\u7126\u8ddd\u662f\u4e24\u51c6\u7ebf\u95f4\u8ddd\u79bb\u7684$4$\u500d\uff0c\u5219\u6b64\u53cc\u66f2\u7ebf\u7684\u79bb\u5fc3\u7387\u7b49\u4e8e?","fact_expressions":"G: Hyperbola;L1:Line;L2:Line;Directrix(G)={L1,L2};FocalLength(G)=4*Distance(L1,L2)","query_expressions":"Eccentricity(G)","answer_expressions":"2","fact_spans":"[[[0, 3], [21, 24]], [], [], [[0, 10]], [[0, 18]]]","query_spans":"[[[21, 31]]]","process":"\u6839\u636e\u7126\u8ddd\u548c\u4e24\u51c6\u7ebf\u95f4\u7684\u8ddd\u79bb\u5217\u51fa\u7b49\u5f0f,\u8fdb\u800c\u89e3\u51fa\u7b54\u6848\u5373\u53ef.[\u8be6\u89e3]\u56e0\u4e3a\u53cc\u66f2\u7ebf\u7684\u51c6\u7ebf\u65b9\u7a0b\u4e3a:x=\\pm\\frac{a^{2}}{c},\u6240\u4ee52c=4\\times\\frac{2a^{2}}{c},\u5373c^{2}=4a^{2},\u5219e^{2}=\\frac{c^{2}}{a^{2}}=4,e=2"}
{"text":"\u5df2\u77e5\u692d\u5706\u4e2d\u5fc3\u5728\u539f\u70b9\uff0c\u4e00\u4e2a\u7126\u70b9\u4e3a$F(-2  \\sqrt{3} , 0)$\uff0c\u4e14\u957f\u8f74\u957f\u662f\u77ed\u8f74\u957f\u7684$2$\u500d\uff0c\u5219\u8be5\u692d\u5706\u7684\u6807\u51c6\u65b9\u7a0b\u662f?","fact_expressions":"G: Ellipse;O: Origin;Center(G) = O;F: Point;Coordinate(F) = (-2*sqrt(3), 0);OneOf(Focus(G)) = F;Length(MajorAxis(G)) = 2*Length(MinorAxis(G))","query_expressions":"Expression(G)","answer_expressions":"x^2\/16+y^2\/4=1","fact_spans":"[[[2, 4], [53, 55]], [[7, 9]], [[2, 9]], [[15, 36]], [[15, 36]], [[2, 36]], [[2, 50]]]","query_spans":"[[[53, 62]]]","process":""}
{"text":"\u5df2\u77e5\u692d\u5706$a x^{2}+y^{2}=4$\u4e0e$\\frac{x^{2}}{12}+\\frac{y^{2}}{9}=1$\u7684\u7126\u8ddd\u76f8\u7b49\uff0c\u5219$a$=?","fact_expressions":"G: Ellipse;C:Ellipse;a: Number;Expression(G) = (a*x^2 + y^2 = 4);Expression(C)=(x^2\/12 + y^2\/9 = 1);FocalLength(G)=FocalLength(C)","query_expressions":"a","answer_expressions":"{4\/7,4}","fact_spans":"[[[2, 21]], [[22, 58]], [[65, 68]], [[2, 21]], [[22, 58]], [[2, 63]]]","query_spans":"[[[65, 70]]]","process":""}
{"text":"\u5df2\u77e5\u4ee5$x \\pm 2 y=0$\u4e3a\u6e10\u8fd1\u7ebf\u7684\u53cc\u66f2\u7ebf\u7ecf\u8fc7\u70b9$(4,1)$\uff0c\u5219\u8be5\u53cc\u66f2\u7ebf\u7684\u6807\u51c6\u65b9\u7a0b\u4e3a?","fact_expressions":"G: Hyperbola;Expression(Asymptote(G)) = (pm*2*y + x = 0);H: Point;Coordinate(H) = (4, 1);PointOnCurve(H, G)","query_expressions":"Expression(G)","answer_expressions":"x^2\/12-y^2\/3=1","fact_spans":"[[[21, 24], [37, 40]], [[2, 24]], [[26, 34]], [[26, 34]], [[21, 34]]]","query_spans":"[[[37, 47]]]","process":"\u8bbe\u53cc\u66f2\u7ebf\u65b9\u7a0b\u4e3ax^{2}-4y^{2}=\\lambda,\u4ee3\u5165\u70b9(4,1),\u8ba1\u7b97\u5f97\u5230\u7b54\u6848\u53cc\u66f2\u7ebf\u6e10\u8fd1\u7ebf\u4e3ax\\pm2y=0,\u5219\u8bbe\u53cc\u66f2\u7ebf\u65b9\u7a0b\u4e3a:x^{2}-4y^{2}=\\lambda,\u4ee3\u5165\u70b9(4,1),\u5219\\lambda=12\u6545\u53cc\u66f2\u7ebf\u65b9\u7a0b\u4e3a:\\frac{x^{2}}{12}-\\frac{y^{2}}{3}=1"}
{"text":"\u8fc7\u53cc\u66f2\u7ebf$\\frac{x^{2}}{a^{2}}-\\frac{y^{2}}{b^{2}}=1(a>0, b>0)$\u7684\u53f3\u7126\u70b9$F$\u4f5c\u6e10\u8fd1\u7ebf$y=\\frac{b}{a} x$\u7684\u5782\u7ebf\uff0c\u5782\u8db3\u4e3a$M$\uff0c\u4e0e\u53cc\u66f2\u7ebf\u7684\u5de6\u3001\u53f3\u4e24\u652f\u5206\u522b\u4ea4\u4e8e$A$\u3001$B$\u4e24\u70b9\uff0c\u5219\u53cc\u66f2\u7ebf\u79bb\u5fc3\u7387\u7684\u53d6\u503c\u8303\u56f4\u662f?","fact_expressions":"G: Hyperbola;b: Number;a: Number;F: Point;A: Point;B: Point;M:Point;a>0;b>0;Expression(G) = (-y^2\/b^2 + x^2\/a^2 = 1);RightFocus(G) = F;L:Line;OneOf(Asymptote(G))=L;Expression(L)=(y=(b\/a)*x);L1:Line;IsPerpendicular(L,L1);FootPoint(L,L1)=M;PointOnCurve(F, L1);Intersection(L1,LeftPart(G)) = A;Intersection(L1,RightPart(G)) = B","query_expressions":"Range(Eccentricity(G))","answer_expressions":"(sqrt(2),+oo)","fact_spans":"[[[1, 57], [97, 100], [121, 124]], [[4, 57]], [[4, 57]], [[61, 64]], [[110, 113]], [[114, 117]], [[92, 95]], [[4, 57]], [[4, 57]], [[1, 57]], [[1, 64]], [[68, 85]], [[1, 85]], [[68, 85]], [], [[0, 88]], [[0, 95]], [[0, 88]], [[0, 119]], [[0, 119]]]","query_spans":"[[[121, 134]]]","process":"\u7531\u76f4\u7ebfAB\u4e0e\u53cc\u66f2\u7ebf\u5de6\u53f3\u652f\u5747\u6709\u4ea4\u70b9,\u5219\u76f4\u7ebfAB\u4e0e\u6e10\u8fd1\u7ebfy=-\\frac{b}{a}x\u5fc5\u4ea4\u4e8e\u7b2c\u4e8c\u8c61\u9650\\therefore\u76f4\u7ebfAB\u7684\u659c\u7387\u5fc5\u5927\u4e8e\u6e10\u8fd1\u7ebfy=-\\frac{b}{a}x\u7684\u659c\u7387,\u5373-\\frac{a}{b}>-\\frac{b}{a},\u5373b^{2}>a^{2},\u53c8b^{2}=c^{2}-a^{2}\\thereforec^{2}>2a^{2},\u53cc\u66f2\u7ebf\u7684\u79bb\u5fc3\u7387e=\\frac{c}{a}>\\sqrt{2},\\therefore\u53cc\u66f2\u7ebf\u7684\u79bb\u5fc3\u7387\u7684\u53d6\u503c\u8303\u56f4(),+\\infty),"}
{"text":"\u9876\u70b9\u5728\u539f\u70b9\uff0c\u7126\u70b9\u5728$x$\u8f74\u4e0a\uff0c\u4e14\u8fc7\u70b9$(-4,-8)$\u7684\u629b\u7269\u7ebf\u65b9\u7a0b\u4e3a?","fact_expressions":"G: Parabola;H: Point;O: Origin;Coordinate(H) = (-4, -8);PointOnCurve(Focus(G), xAxis);PointOnCurve(H, G);Vertex(G) = O","query_expressions":"Expression(G)","answer_expressions":"y^2 = -16*x","fact_spans":"[[[28, 31]], [[17, 27]], [[3, 5]], [[17, 27]], [[6, 31]], [[16, 31]], [[0, 31]]]","query_spans":"[[[28, 35]]]","process":"\u4f9d\u9898\u610f,\u8bbe\u629b\u7269\u7ebf\u7684\u65b9\u7a0b\u4e3ay^{2}=mx,m\\neq0.\u5219\u6709(-8)^{2}=m\\cdot(-4),\u89e3\u5f97m=-16,\u6240\u4ee5\u6240\u6c42\u629b\u7269\u7ebf\u65b9\u7a0b\u4e3av2=-16x.\u6545\u7b54\u5b89\u4e3a:y2=-16x"}
{"text":"\u5df2\u77e5\u692d\u5706$\\frac{x^{2}}{9}+\\frac{y^{2}}{2}=1$\u7684\u7126\u70b9\u5206\u522b\u4e3a$F_{1}$\u3001$F_{2}$\uff0c\u70b9$P$\u5728\u692d\u5706\u4e0a\uff0c\u82e5$|P F_{1}|=4$\uff0c\u5219\u4e09\u89d2\u5f62$F_{1} P F_{2}$\u7684\u9762\u79ef\u4e3a?","fact_expressions":"G: Ellipse;Expression(G) = (x^2\/9 + y^2\/2 = 1);F1: Point;F2: Point;Focus(G) = {F1, F2};P: Point;PointOnCurve(P, G);Abs(LineSegmentOf(P, F1)) = 4","query_expressions":"Area(TriangleOf(F1, P, F2))","answer_expressions":"2*sqrt(3)","fact_spans":"[[[2, 39], [66, 68]], [[2, 39]], [[45, 52]], [[53, 60]], [[2, 60]], [[61, 65]], [[61, 69]], [[71, 84]]]","query_spans":"[[[86, 109]]]","process":""}
{"text":"\u8bbe$F$\u4e3a\u629b\u7269\u7ebf$C$: $y^{2}=8 x$\u7684\u7126\u70b9\uff0c\u8fc7$F$\u4e14\u503e\u659c\u89d2\u4e3a$30^{\\circ}$\u7684\u76f4\u7ebf\u4ea4\u4e8e$C$\u4e8e$A$\u3001$B$\u4e24\u70b9\uff0c\u5219$|A B|$=?","fact_expressions":"C: Parabola;Expression(C) = (y^2 = 8*x);F: Point;Focus(C) = F;G: Line;PointOnCurve(F, G);Inclination(G) = ApplyUnit(30, degree);A: Point;B: Point;Intersection(G, C) = {A, B}","query_expressions":"Abs(LineSegmentOf(A, B))","answer_expressions":"32","fact_spans":"[[[5, 24], [54, 57]], [[5, 24]], [[1, 4], [29, 32]], [[1, 27]], [[50, 52]], [[28, 52]], [[33, 52]], [[58, 61]], [[62, 65]], [[50, 67]]]","query_spans":"[[[69, 78]]]","process":"\u7531y^{2}=8x,\u5f972p=8,p=4,\u5219F(2,0)\\therefore\u8fc7A,B\u7684\u76f4\u7ebf\u65b9\u7a0b\u4e3ay=\\frac{\\sqrt{3}}{3}(x-2)\u8054\u7acb\\begin{cases}y^{2}=8x\\\\y=\\frac{\\sqrt{3}}{3}(x-2)\\end{cases},\u5f97x^{2}-28x+4=0\u8bbeA(x_{1},y_{1}),B(x_{2},y_{2})\u5219x_{1}+x_{2}=28,\\because|AB|=x_{1}+x_{2}+P=28+4=32."}
